101;82;23;5;9
102;406;26;2;2,9
103;244;61;1;41
104;298;65;5;41
105;406;38;2;6,19,26
106;263;21;5;1,4,18
107;97;68;3;44,49
108;262;12;1;4,5,6
109;195;18;2;6,8,12
110;216;38;4;
111;160;61;2;32,52
112;435;64;4;
113;375;30;4;
114;30;51;5;7,21,44
115;394;26;2;3
116;482;58;1;43
117;396;23;4;21
118;224;14;4;6
119;176;46;5;2
120;419;19;5;17
121;28;17;5;6,9,12
122;419;10;3;3,8
123;476;12;4;7
124;32;56;5;
125;446;51;4;41,43
126;106;69;2;
127;244;19;4;2,4,18
128;377;23;5;
129;468;58;3;6,21,26
130;431;15;5;4,5
131;172;21;2;3,8
132;210;23;2;
133;25;32;1;6,19
134;288;53;4;30,35,37
135;487;36;5;30,32,33
136;197;11;5;3,4
137;167;12;5;2
138;474;10;2;
139;268;54;5;19,43
140;476;12;2;2,9
141;144;32;1;7,16
142;305;46;4;21,29
143;282;49;2;15
144;477;33;5;14,18
145;498;50;5;4,47
146;199;48;4;
147;402;25;1;18,22
148;126;28;2;
149;413;39;4;
150;296;61;4;38
151;259;29;4;22
152;233;36;4;5,31
153;302;50;3;
154;460;63;4;32,44
155;10;59;4;
156;42;58;2;15,42,55
157;474;53;5;30,51
158;466;39;4;37
159;253;70;1;
160;472;14;3;7
161;478;14;2;9
162;164;19;4;
163;209;33;4;1,4,22
164;232;29;4;5
165;472;36;1;
166;456;39;2;17,26
167;337;26;4;4,17,23
168;369;69;2;48,55
169;26;40;1;18
170;330;24;5;
171;211;56;5;12,23,28
172;13;13;4;6,9
173;7;69;2;13
174;16;10;3;5
175;4;27;5;
176;260;70;2;61
177;237;45;2;6,18,41
178;369;29;4;21
179;134;13;4;3,4
180;220;45;2;17
181;162;12;3;2,4,11
182;128;26;5;
183;29;31;1;20,22
184;353;51;4;
185;85;21;2;2,8,9
186;272;29;2;26
187;324;23;5;8
188;368;66;1;20
189;358;41;1;12,21,37
190;100;44;5;
191;336;29;5;18
192;183;67;2;
193;457;69;2;4,34
194;81;39;4;8,29
195;3;40;4;
196;364;15;2;4
197;354;46;2;5,44
198;129;35;5;7,21
199;211;40;4;
200;486;43;5;
201;356;60;2;
202;2;38;1;23
203;11;48;3;13,36,40
204;213;32;4;8,13
205;83;47;3;34,41
206;433;52;3;9,11,49
207;177;41;1;24
208;249;17;2;3,12
209;421;15;1;14
210;116;59;2;1
211;428;11;3;2,7,8
212;479;67;3;1,30
213;112;41;1;15,20
214;473;43;3;
215;346;59;5;11,17,20
216;111;20;4;7,12,17
217;157;26;5;
218;161;47;3;
219;130;15;1;4,7
220;251;62;4;
221;238;20;5;8,11,17
222;60;54;4;53
223;148;32;3;
224;197;15;1;4
225;397;40;1;
226;493;28;4;6,16
227;479;35;3;
228;416;56;4;
229;30;41;1;23
230;351;47;1;34
231;220;61;1;47
232;452;43;2;11
233;138;39;5;5,21
234;481;26;2;
235;19;38;3;35
236;134;26;5;
237;202;10;5;1,6,8
238;95;66;4;11
239;369;38;2;21,23,35
240;152;49;5;5,32,48
241;172;65;3;28
242;361;12;1;4,5,8
243;179;12;1;
244;126;37;3;1
245;45;47;4;3,16,43
246;33;67;2;4,21,48
247;317;28;1;
248;239;51;2;
249;308;22;5;4,19,21
250;396;29;3;27
251;338;45;3;36,37
252;96;20;5;
253;335;52;3;5,39,49
254;255;50;5;26,38,39
255;9;64;5;6,31,52
256;490;66;4;
257;169;66;2;56,62
258;72;22;1;
259;362;39;4;1,11,26
260;233;70;4;15,28,55
261;49;60;4;43,53,58
262;457;66;5;2,13,62
263;439;31;1;17,28
264;405;65;1;25
265;315;47;1;
266;482;51;1;4,48
267;86;23;5;1,8
268;304;49;1;
269;476;49;2;27
270;12;59;3;46
271;53;23;5;3,7,14
272;279;10;2;7,8
273;323;21;1;1,14
274;182;45;2;37
275;373;67;5;
276;256;31;4;16
277;142;31;4;26,29
278;360;41;2;15
279;160;50;3;45
280;239;18;5;10,12
281;77;63;1;8
282;6;16;1;4,6
283;87;25;5;
284;294;33;5;31
285;134;61;4;3,8,55
286;392;69;2;1,21,37
287;103;60;4;22,31,35
288;40;45;2;1,35
289;248;59;3;4,21,41
290;46;61;5;3,22,27
291;483;29;4;1
292;124;44;4;41
293;252;46;1;
294;360;20;4;
295;3;61;1;12,16,31
296;220;54;5;52
297;259;19;4;1,7,15
298;228;59;2;44
299;456;47;4;25,45
300;316;49;4;14,28,46
301;348;11;5;2,8
302;259;51;1;3,8,29
303;408;16;2;8,12,13
304;397;32;4;30
305;34;29;3;2,3,22
306;18;57;2;21,49
307;4;23;4;12
308;210;42;1;28
309;355;22;1;1
310;124;36;2;10,19,28
311;282;34;2;
312;178;47;3;22,23
313;332;54;5;
314;174;45;4;
315;266;46;4;
316;386;41;3;
317;50;20;5;2,10,15
318;24;60;1;28,55,59
319;352;69;1;42
320;410;52;2;12,21,22
321;235;41;4;15
322;417;18;5;5,15
323;335;12;4;6,8
324;50;61;4;
325;170;18;2;6,10,13
326;445;40;5;15,36
327;296;39;4;21,28,35
328;123;53;3;
329;408;50;1;19
330;414;36;5;6,12
331;14;10;4;2
332;465;28;3;13,14,22
333;496;15;1;10,11
334;165;13;1;
335;426;54;5;34,45
336;55;53;5;11,20,52
337;233;18;5;7
338;369;46;4;22
339;45;45;5;10,30,33
340;176;26;1;
341;62;25;5;3,17
342;105;49;3;
343;203;54;3;18,21
344;379;27;5;
345;40;33;4;8,26,28
346;133;52;2;19,48,49
347;279;40;2;16,17,24
348;417;54;2;
349;328;41;5;13
350;292;37;1;28
351;172;57;1;28,45
352;359;32;4;13,14,29
353;273;63;2;
354;106;69;1;13,25,62
355;493;11;5;
356;274;61;1;51
357;481;59;5;20
358;285;11;2;6
359;221;30;1;
360;52;17;3;
361;143;40;1;19
362;188;60;4;25,47,59
363;379;40;4;29,34
364;308;30;1;
365;478;66;5;24,30
366;493;17;4;
367;387;14;4;
368;32;24;4;1,13,17
369;372;39;1;13,20,26
370;203;54;3;53
371;148;49;4;
372;85;12;2;
373;138;41;3;24,36
374;159;68;5;29,60
375;51;51;3;4,33,38
376;389;27;2;
377;221;38;3;
378;305;66;3;14,19,40
379;352;41;2;
380;163;25;4;14
381;122;29;2;9,13
382;207;30;4;11,21
383;44;35;5;8,17
384;438;29;5;21
385;52;52;5;1,4,31
386;252;40;4;
387;287;10;2;3,8
388;46;66;3;11,33,38
389;131;46;5;
390;284;67;2;27,57
391;9;65;5;6
392;350;57;3;38
393;394;36;5;
394;212;18;3;
395;109;24;2;
396;109;40;5;1,4
397;464;20;4;10
398;93;32;2;
399;456;69;4;
400;132;51;5;28
401;11;29;1;22,25
402;447;37;1;
403;267;60;4;7,42
404;420;32;2;3
405;8;51;3;16
406;21;45;3;11,25,35
407;30;36;4;32,35
408;306;42;3;9,15
409;116;56;5;2
410;350;52;1;
411;195;32;3;6
412;127;26;2;19
413;475;35;3;9,33
414;100;17;2;3,8
415;123;22;3;3
416;196;19;1;11,16
417;354;50;3;
418;347;60;1;50
419;65;43;3;15
420;305;11;2;
421;3;12;1;1,9
422;216;38;2;
423;388;38;5;
424;411;61;4;8,28,52
425;205;26;4;
426;49;27;3;
427;329;50;1;31,35,38
428;467;65;5;3,4,53
429;147;32;4;2,3,15
430;324;24;5;14
431;485;53;2;
432;348;52;4;41,48
433;357;44;4;5
434;315;31;3;17,30
435;224;60;4;37,42
436;208;14;3;
437;310;60;4;36,37
438;195;24;5;
439;307;44;3;30
440;485;21;3;13,16,19
441;280;54;3;21,44
442;233;33;3;14,15,17
443;400;13;4;8
444;196;40;4;1,30,34
445;356;56;1;5,18,25
446;90;50;3;
447;471;33;2;
448;158;65;5;45
449;260;24;3;
450;333;68;1;
451;154;56;4;5
452;439;45;4;38
453;197;32;5;
454;224;39;2;16,26
455;409;35;5;
456;421;38;1;7,12
457;325;39;4;
458;84;14;3;3,5,7
459;23;53;3;8,47
460;314;13;1;9
461;464;41;4;12
462;317;12;2;1,3,4
463;95;44;2;
464;491;67;5;
465;139;34;1;33
466;232;31;2;
467;3;70;1;
468;194;25;1;
469;354;22;5;5,10,20
470;54;48;2;4,6,23
471;64;37;2;
472;281;29;1;3,11
473;415;10;3;
474;108;61;3;40,49
475;26;12;3;
476;116;41;4;32,40
477;262;60;2;57
478;84;15;1;1,2,3
479;248;32;4;15
480;332;35;1;3
481;49;38;3;6
482;114;13;2;8,12
483;233;61;3;9,24
484;113;31;3;
485;340;36;5;
486;121;44;5;42
487;346;18;4;4,6
488;334;70;1;10
489;433;69;4;39,45,52
490;465;43;3;15,27,41
491;383;66;2;4,56
492;492;17;2;4,9,16
493;300;37;3;
494;464;39;2;7,37
495;122;52;1;4,13
496;210;61;5;13,47
497;137;14;1;3,4,12
498;472;12;3;
499;53;18;1;3,7,8
500;23;68;5;
501;129;36;2;
502;366;46;5;9,23
503;296;10;5;
504;378;49;1;35
505;434;49;1;11
506;213;48;2;
507;463;67;3;5,36,37
508;41;12;4;
509;358;59;5;
510;5;64;3;60
511;219;47;3;
512;63;10;5;4,6,7
513;95;37;3;9,32
514;447;53;4;7
515;370;53;3;23,29
516;17;61;3;
517;313;51;2;40,44
518;451;60;4;
519;413;51;2;21,31
520;404;61;2;
521;309;52;5;14,38,48
522;77;16;3;2,10
523;434;25;5;1,12
524;360;63;1;34,62
525;165;37;4;13,22,29
526;60;54;5;
527;418;33;4;5
528;32;53;1;
529;253;37;5;
530;35;32;3;13
531;111;44;3;
532;189;39;5;9,26
533;282;10;4;3
534;231;60;2;
535;471;51;2;45
536;26;49;2;1
537;177;62;2;6,9,23
538;145;12;4;
539;204;66;5;
540;68;31;4;
541;46;64;4;44,59
542;389;23;1;9,11,20
543;201;59;4;7,14
544;393;51;2;21
545;487;45;5;
546;426;37;2;2,17
547;46;27;1;3,21,22
548;341;57;4;55
549;32;33;5;9,20
550;465;25;5;10
551;304;52;5;6,11,23
552;155;64;2;13
553;137;35;1;6,11,28
554;24;53;1;41
555;453;37;2;
556;22;25;3;19
557;84;34;4;14,22,30
558;245;37;3;6,9,20
559;152;51;4;28
560;221;30;3;
561;290;53;2;8
562;241;29;4;13,14,22
563;176;69;3;17,20
564;471;26;3;19,20
565;324;31;4;30
566;318;37;5;4,19,24
567;466;33;1;30
568;311;21;4;5,15
569;493;44;5;18
570;167;45;5;19
571;203;42;1;23
572;208;12;3;4,9
573;309;63;4;9,38
574;32;20;2;7,19
575;89;64;4;32
576;299;26;1;21
577;92;52;4;47
578;434;32;5;18,26
579;285;67;4;9,11,32
580;225;10;3;1,8,9
581;192;50;4;3
582;176;34;5;
583;279;29;5;24
584;272;33;1;5,26
585;111;27;4;
586;269;23;5;4
587;471;61;5;30
588;32;40;1;
589;349;25;4;1,7,16
590;493;34;5;
591;323;53;3;13,31,47
592;332;48;2;
593;145;28;2;
594;126;37;4;34
595;323;37;2;8,22,27
596;430;40;1;12,17
597;235;49;3;1,15,44
598;212;30;2;7
599;236;15;1;
600;379;57;5;
601;173;27;1;1,26
602;341;64;3;
603;66;41;3;
604;327;49;5;13,27
605;230;11;1;3,4,5
606;161;63;1;41,44
607;149;67;4;
608;394;34;3;17
609;156;13;1;2
610;7;19;1;
611;192;47;3;20,31,39
612;414;40;4;4,29
613;92;62;5;57
614;215;41;5;
615;386;61;3;47
616;120;39;2;18
617;349;66;4;32,58,62
618;304;35;4;6,22
619;445;10;5;5,8
620;422;54;4;5
621;36;63;1;
622;142;66;2;
623;453;54;5;20
624;497;50;1;1,48
625;255;18;4;4,16
626;486;44;2;
627;442;66;2;42,51,63
628;445;48;5;28
629;453;55;5;51
630;165;61;5;
631;107;25;5;2,3,11
632;435;25;4;
633;209;29;3;
634;278;44;4;
635;304;42;5;1,2,20
636;209;53;3;5,7,44
637;108;43;4;14,16,17
638;363;31;2;9
639;224;57;2;35,49
640;227;55;1;4
641;223;54;3;
642;106;35;5;6,13,32
643;255;54;5;16,19
644;352;64;1;12,25,42
645;393;69;2;4,48
646;355;63;1;10
647;179;16;4;11
648;457;10;1;5,9
649;309;69;4;25,29
650;385;18;1;6
651;222;22;3;
652;194;25;5;7
653;218;29;4;
654;487;17;5;
655;182;21;4;13
656;319;29;3;1,19
657;311;39;5;25,34,35
658;35;40;5;
659;58;12;2;4,10
660;413;60;5;1,16,59
661;95;47;4;16,22
662;42;30;2;9,11,17
663;244;42;2;
664;469;49;2;9,19,23
665;57;35;3;17,24,27
666;499;64;1;14
667;401;55;1;8
668;155;30;1;29
669;222;30;1;
670;487;39;5;15,26,32
671;151;56;1;
672;175;44;1;
673;250;43;1;9
674;77;52;4;11,16,51
675;237;69;1;35,56,60
676;11;10;1;4,6,7
677;292;43;3;21,37
678;218;40;5;
679;362;29;3;4,7,22
680;37;70;3;35
681;336;59;4;41
682;453;39;1;7
683;298;27;2;14,16
684;165;44;1;11,38
685;257;43;3;1,10,39
686;183;17;3;3
687;490;23;2;
688;366;29;2;4,15,24
689;369;34;4;10
690;341;50;2;23,40,41
691;241;25;5;3,7,20
692;321;18;2;5,7
693;60;27;5;20
694;57;15;1;1,5,6
695;317;62;4;40
696;285;35;5;
697;192;36;5;
698;316;21;5;4,16
699;205;37;2;1
700;360;51;1;11,18,34
701;426;52;3;14,41
702;127;35;2;5,30
703;167;10;1;2,4,6
704;97;29;5;3,27
705;3;27;5;13,14,16
706;159;63;3;11
707;1;46;3;10
708;186;62;4;23,34,61
709;318;16;5;4
710;105;60;2;10,25,36
711;145;62;1;20,37,53
712;135;11;3;
713;190;15;4;6
714;322;36;5;10,23
715;453;12;4;8,11
716;294;50;4;1,25,28
717;124;27;3;1,16,26
718;59;44;3;
719;45;38;5;29,37
720;96;26;5;5,6,18
721;95;20;2;4,15,18
722;415;30;4;
723;387;52;1;6,51
724;166;31;2;7
725;411;68;4;
726;153;14;5;1,8,12
727;309;35;4;
728;305;54;5;
729;107;42;5;
730;127;21;4;4,15
731;401;66;5;16,19,49
732;85;16;4;
733;297;56;4;29,30,52
734;360;61;3;
735;203;51;1;
736;144;29;5;9
737;129;28;2;12,27
738;201;20;2;12,13,18
739;49;23;2;6,13,19
740;472;54;3;28,35
741;93;33;5;19,26
742;469;69;1;21,26,54
743;462;32;5;12
744;380;61;2;25,33,58
745;257;49;5;7,10,38
746;110;67;2;11,45,58
747;310;41;4;8
748;197;22;5;
749;406;26;2;10,15,21
750;52;49;3;38
751;364;33;4;1,20
752;436;57;2;28,43
753;137;69;5;25
754;2;65;5;12,59
755;472;60;3;5,14
756;489;27;5;1,19
757;285;69;2;36,55
758;65;52;1;8,14,31
759;255;57;1;
760;57;63;1;37
761;195;29;1;7,10,23
762;367;22;3;
763;133;66;5;13,36,38
764;28;57;1;26,46
765;448;14;4;12
766;464;10;4;2,3,8
767;173;58;4;
768;14;48;2;
769;73;47;5;13
770;199;11;2;6,7
771;229;34;5;1,6,10
772;247;41;2;10,31
773;282;46;1;2,20,31
774;462;33;2;
775;20;42;3;26
776;228;43;4;
777;336;24;3;10,18,20
778;352;45;1;26,33
779;479;34;5;22,31,33
780;331;17;1;
781;245;39;5;13,20,34
782;158;63;3;19,20,21
783;212;57;4;30
784;331;42;5;26,27,34
785;242;32;4;3,6,7
786;459;27;5;18,19
787;390;11;5;4,7,10
788;318;37;2;8,29
789;22;67;3;8
790;336;12;4;2,10
791;197;66;4;
792;323;35;3;12,25
793;159;10;5;4,9
794;23;42;4;22,36
795;427;39;3;7,11
796;44;15;4;
797;295;55;1;11
798;254;50;2;29,37
799;315;40;5;9,36
800;77;63;5;3,12,46
801;221;63;2;11,31,32
802;298;53;1;36
803;397;10;4;4
804;305;14;4;5,7
805;425;42;5;33
806;294;32;2;
807;28;33;4;
808;308;20;1;3
809;231;37;4;
810;182;21;4;1,4,16
811;495;49;4;6,40
812;438;20;2;10
813;148;61;5;18,34,52
814;433;12;2;2,11
815;344;35;4;5
816;223;66;2;
817;87;56;4;11,33,35
818;102;37;4;2,8,9
819;245;50;5;11,26
820;141;60;1;32,39,58
821;16;64;5;4,33
822;5;32;2;3,10
823;146;51;3;38
824;101;45;4;
825;129;10;3;5
826;302;31;2;21,27
827;295;26;4;9
828;82;24;4;4,7
829;251;16;5;4
830;269;38;5;17
831;56;37;1;20
832;172;50;2;
833;222;38;4;7
834;152;24;2;2
835;361;46;4;8,12,20
836;372;51;3;34,35,36
837;256;56;2;19,53
838;317;41;3;24
839;14;70;5;
840;311;21;3;4,13
841;208;10;5;3,4,6
842;79;22;4;
843;3;16;5;1,13
844;120;44;2;15,32,39
845;72;43;5;38
846;139;10;2;
847;270;41;2;
848;17;49;4;
849;120;44;1;7,15,33
850;180;50;3;20
851;129;47;1;22,23,34
852;10;60;2;
853;347;28;2;18,19,20
854;160;20;3;1,3,6
855;128;64;5;27,51,58
856;226;53;5;15,36,37
857;273;20;3;1,8
858;266;59;4;54
859;356;53;2;26
860;346;38;5;
861;353;14;1;1,8,13
862;463;51;2;45
863;28;34;3;25
864;398;45;4;
865;10;62;2;12,15,21
866;200;16;3;13
867;414;69;5;
868;259;56;2;52
869;440;34;3;18
870;138;54;2;32,40,53
871;226;28;4;
872;285;45;2;
873;68;52;5;5
874;434;28;1;
875;122;33;2;1,23,26
876;389;32;3;
877;280;24;4;14,22
878;172;70;1;3,7,21
879;84;38;5;
880;159;37;4;7,26
881;489;59;1;13,16
882;105;23;2;4
883;226;47;1;25,35
884;368;10;5;2,8
885;171;30;2;18,21
886;35;18;5;1,10,11
887;122;51;2;15,42
888;152;15;1;
889;109;59;5;3,7
890;161;29;2;13,14
891;95;36;3;1
892;61;29;2;
893;375;70;4;1,22,52
894;322;62;5;37
895;429;58;3;7,20
896;64;18;1;2
897;270;61;4;6,35
898;286;48;2;9,21,22
899;409;17;1;8
900;448;22;1;
901;135;50;5;38
902;361;26;1;20
903;405;25;5;18
904;474;42;5;2,25
905;102;29;1;
906;223;57;5;9,12,23
907;480;64;5;29,45,52
908;251;44;5;7,33
909;330;32;4;
910;405;29;5;
911;114;69;5;16,53,61
912;327;31;3;2,13,21
913;315;66;5;1,2,31
914;333;56;4;43,46
915;429;41;3;8,12
916;128;33;3;
917;3;44;1;
918;362;33;2;22,24
919;447;70;4;
920;349;39;5;4,5,32
921;122;70;4;52,67
922;90;16;4;2,12,14
923;389;60;1;35,36,46
924;131;40;5;
925;281;61;4;56,57
926;57;70;2;
927;96;60;5;28
928;3;16;4;11,14
929;319;70;3;16,30
930;101;70;5;
931;9;10;4;1,7,8
932;216;46;3;
933;464;18;2;5,8,12
934;368;40;4;3,27
935;132;31;2;3,24,25
936;163;14;2;12
937;340;44;5;5,9,43
938;196;42;5;25
939;110;30;4;13,20,27
940;377;66;1;
941;95;59;2;9,36
942;189;13;2;
943;342;68;1;9,48,55
944;14;60;4;
945;268;56;1;8
946;383;69;4;
947;484;51;2;5,30
948;250;27;4;13,22,24
949;489;13;4;1,5,8
950;150;41;3;2,27,30
951;107;24;2;19
952;475;54;5;
953;90;60;2;39
954;138;62;1;
955;285;46;2;5
956;109;27;4;
957;333;12;5;8,11
958;119;26;5;8,15
959;42;50;4;37
960;305;33;2;1,16,17
961;104;46;3;15,17
962;30;25;1;19
963;102;18;5;5,6,11
964;69;13;3;10
965;461;38;5;
966;179;20;3;
967;392;46;5;3,19,35
968;90;28;2;6,12
969;46;18;2;
970;111;45;1;18
971;447;18;3;
972;271;41;5;15,24
973;40;18;5;10,14
974;210;22;2;
975;208;14;4;
976;233;68;3;
977;44;16;4;1,9,15
978;351;11;5;
979;311;52;2;
980;37;23;4;2,6,22
981;68;61;1;25,27,40
982;65;12;2;5
983;462;64;4;27,35,38
984;15;10;3;7,9
985;257;43;1;
986;491;68;5;
987;230;30;2;10
988;271;30;5;4
989;402;36;2;19
990;217;54;4;3,44
991;82;57;2;44,56
992;159;63;5;14,32,36
993;96;30;3;
994;263;30;2;24
995;47;60;3;3,42
996;273;11;5;4,7,10
997;469;48;4;22,30,32
998;375;28;3;
999;141;60;2;41
1000;66;38;5;14,16,26
1001;2;34;5;2
1002;368;25;4;20
1003;133;50;2;13,17,46
1004;137;31;1;5,19,29
1005;96;16;4;5,14
1006;362;41;4;5,35
1007;130;18;3;5,13,15
1008;295;33;3;
1009;224;62;2;33
1010;159;65;2;34,48
1011;399;15;5;3,4,14
1012;12;13;1;2,9
1013;200;16;4;1,14
1014;142;62;1;20,25
1015;266;18;5;8,11
1016;100;44;3;34,36,42
1017;419;51;1;11
1018;446;17;5;8,9
1019;98;68;5;
1020;214;37;2;
1021;35;57;1;19,43,53
1022;131;23;2;10
1023;69;38;5;10
1024;420;45;3;7,27,39
1025;151;29;4;
1026;355;14;3;8
1027;316;69;3;
1028;413;12;1;4,5,6
1029;364;27;3;17
1030;321;18;3;1,9
1031;51;61;1;18,36
1032;450;17;4;2,13
1033;362;33;3;4
1034;463;62;5;40
1035;449;64;4;
1036;247;12;3;8,10
1037;413;65;1;
1038;377;48;3;
1039;472;51;2;17
1040;70;49;4;23,36,46
1041;205;15;2;7,13
1042;206;58;3;49
1043;413;54;4;
1044;210;51;4;29
1045;111;49;4;
1046;166;58;3;
1047;444;55;4;34
1048;440;23;2;10,14,18
1049;421;28;1;2,27
1050;251;65;5;39,50
1051;232;22;5;11
1052;244;28;1;
1053;121;24;2;18,21
1054;32;63;1;9
1055;141;16;2;1,12
1056;387;32;3;7,13
1057;224;65;4;20
1058;476;25;5;
1059;337;32;2;1,2,24
1060;308;67;1;29,62
1061;150;12;2;
1062;44;64;3;13
1063;174;49;2;21
1064;305;41;4;4,13,30
1065;209;17;2;13
1066;111;66;3;
1067;87;60;4;
1068;330;33;5;7,30
1069;347;63;4;33,48
1070;423;58;5;7,31
1071;379;37;5;26,33
1072;288;53;4;
1073;416;52;4;
1074;483;31;3;22,24,30
1075;232;42;5;2,12,27
1076;420;21;2;18,20
1077;403;53;3;7,21,51
1078;211;29;1;2,3
1079;259;14;5;3,12
1080;324;48;1;46,47
1081;266;14;4;
1082;423;63;3;
1083;385;67;5;58
1084;464;38;2;12,26,28
1085;202;39;5;29,36
1086;279;40;4;12
1087;222;24;3;8,17
1088;459;12;3;1
1089;389;51;1;
1090;107;64;3;7,21
1091;351;15;2;2,8,10
1092;432;21;1;2,4
1093;499;38;2;27
1094;25;52;3;16,31
1095;93;44;4;9,18,41
1096;28;38;2;23
1097;393;19;2;
1098;244;45;4;9,28
1099;115;70;1;48
1100;85;15;5;
1101;298;54;1;26,36,53
1102;102;68;5;16,39
1103;174;49;5;25
1104;308;26;2;15,22,23
1105;468;32;5;29
1106;53;13;4;
1107;450;41;3;34
1108;162;54;1;
1109;28;31;2;5,15
1110;126;35;2;28,33,34
1111;80;38;5;20,24,33
1112;237;23;2;1,13,21
1113;288;25;3;12,17
1114;163;34;5;4,29
1115;466;45;4;16,24
1116;395;31;2;
1117;107;70;2;44,53
1118;293;56;4;7,11,53
1119;442;29;4;20
1120;495;32;2;7
1121;299;59;5;3,9,24
1122;457;52;4;
1123;228;23;1;
1124;403;58;2;31,34,56
1125;497;35;5;24
1126;113;41;4;19
1127;371;58;3;18,26,29
1128;311;54;1;17,18,26
1129;152;49;3;
1130;355;19;2;
1131;15;64;2;5
1132;1;65;5;
1133;349;51;4;27,33,41
1134;320;15;2;6,9
1135;362;30;5;1,4,24
1136;28;41;2;
1137;263;39;3;2,30,33
1138;189;36;4;
1139;394;43;5;7,40
1140;433;42;3;17,23
1141;408;47;2;23
1142;137;41;5;3
1143;83;49;5;17,39,43
1144;121;35;2;
1145;223;40;4;
1146;330;33;3;
1147;405;50;5;3,37
1148;493;23;5;8,12,21
1149;117;25;1;7,20,24
1150;353;34;1;1,5
1151;141;48;3;
1152;306;20;1;5,7
1153;290;57;3;12,40
1154;272;16;1;6,10
1155;478;16;5;
1156;499;60;2;
1157;252;45;5;38,39
1158;51;12;3;
1159;154;28;1;
1160;485;31;5;3,13
1161;377;13;2;
1162;251;46;2;
1163;320;15;5;11
1164;361;27;4;14,15
1165;85;29;1;
1166;188;67;5;45
1167;457;11;3;3,6,7
1168;110;20;2;4,19
1169;223;62;5;5,36
1170;166;45;2;
1171;472;34;2;4,21,31
1172;418;11;4;9,10
1173;212;18;3;2,17
1174;468;53;3;
1175;403;41;4;5,7,28
1176;117;16;4;
1177;358;60;2;49
1178;48;56;5;40
1179;405;37;4;19
1180;461;58;5;5,22,27
1181;255;52;2;4,8,23
1182;460;63;3;22,27,55
1183;8;16;4;3,5,12
1184;330;36;3;1
1185;204;24;5;
1186;198;35;1;12,34
1187;377;39;1;34
1188;355;19;3;10,12,18
1189;141;35;3;
1190;397;47;1;
1191;89;13;3;
1192;301;20;5;1,12
1193;36;10;2;2
1194;9;10;1;1,6,9
1195;244;61;2;
1196;168;69;2;34,38
1197;451;19;2;
1198;378;29;2;10,23,27
1199;297;38;3;25,27,31
1200;434;28;4;
1201;106;11;5;
1202;192;10;4;5,6,9
1203;398;19;1;12,14,18
1204;257;48;5;36
1205;194;33;2;2,13,21
1206;210;27;5;5,15,20
1207;33;63;3;22,30,56
1208;410;38;1;
1209;247;59;2;
1210;346;28;1;11,13,25
1211;58;65;4;34,40,45
1212;63;14;4;2,4,7
1213;211;38;2;19,28,36
1214;323;63;3;
1215;457;12;2;
1216;34;24;5;
1217;368;23;5;19
1218;177;49;3;9
1219;208;51;5;7
1220;97;19;5;1
1221;126;31;1;15,26,30
1222;340;40;1;22,28
1223;87;23;3;3,11,15
1224;419;50;1;
1225;181;45;3;24,30,33
1226;311;10;2;7
1227;485;40;5;3,6
1228;462;33;2;3,14,28
1229;488;66;2;
1230;335;47;4;
1231;431;43;4;16,26,28
1232;226;64;5;
1233;102;58;4;7,46
1234;481;49;5;12,26,44
1235;3;34;3;19
1236;365;30;5;5,27
1237;278;55;5;4,9,25
1238;493;19;1;4,7
1239;399;29;4;
1240;301;47;1;22,23,37
1241;142;30;4;28
1242;360;54;4;28,41
1243;28;70;1;
1244;68;58;4;26
1245;30;49;1;6,19,23
1246;483;49;1;
1247;22;48;1;43
1248;21;64;5;
1249;147;25;4;10,21
1250;23;63;3;29,39
1251;455;29;3;4,13
1252;209;56;5;7
1253;261;38;4;14
1254;184;50;5;3,40
1255;96;32;1;10,15
1256;400;61;2;6,57
1257;464;52;5;
1258;171;29;2;25
1259;223;26;4;8,18,24
1260;438;63;4;7,37
1261;27;12;4;
1262;198;51;1;
1263;51;50;5;
1264;142;64;2;3,4,61
1265;227;27;2;11,18
1266;104;13;4;4,6,11
1267;157;44;1;
1268;415;41;2;4,27,35
1269;396;39;5;2,9
1270;453;54;5;48
1271;151;64;4;52
1272;232;67;1;4,57
1273;273;60;1;18,32
1274;4;38;5;
1275;182;63;1;10,49,61
1276;19;22;4;12,13
1277;385;28;5;1
1278;245;59;1;9,24,48
1279;339;20;1;8,19
1280;429;27;2;2,3,18
1281;482;60;1;5,19,31
1282;178;46;1;
1283;11;46;4;
1284;160;40;3;
1285;19;55;2;
1286;96;13;4;
1287;113;42;2;24
1288;240;45;3;20,34,38
1289;28;16;3;
1290;338;14;2;
1291;324;68;5;13
1292;401;56;1;40
1293;13;11;4;1
1294;305;40;3;2,21
1295;231;30;1;
1296;330;60;3;28,51
1297;409;42;4;23,33
1298;163;27;4;23
1299;25;50;1;12
1300;198;69;2;28,67
1301;389;27;1;
1302;490;15;1;
1303;184;50;2;41
1304;192;13;2;9
1305;3;21;2;3,17
1306;330;41;3;9,34
1307;3;47;2;20,21
1308;417;63;2;
1309;238;66;4;23
1310;423;51;5;38
1311;394;32;2;31
1312;424;19;3;
1313;350;48;1;18,21
1314;10;40;4;20,23,33
1315;163;59;2;58
1316;326;59;2;5,17
1317;185;13;5;7,8,12
1318;494;40;3;
1319;326;37;2;8,14
1320;196;15;1;11
1321;175;63;5;3,30,61
1322;194;22;5;
1323;29;19;4;3,4,5
1324;288;45;1;
1325;241;40;5;
1326;189;33;1;6,23
1327;136;25;4;3
1328;22;16;3;2,4
1329;472;63;2;19
1330;3;49;2;15
1331;146;43;5;4,35
1332;280;37;2;8,17,32
1333;187;22;3;2,3,18
1334;385;32;5;15
1335;403;19;2;
1336;437;23;3;6,10,11
1337;444;23;3;16,19
1338;410;31;5;11,20
1339;338;68;2;
1340;346;11;5;2,6
1341;89;45;4;2,17,20
1342;470;45;2;5,16,19
1343;241;61;5;
1344;17;39;1;2,23
1345;384;31;2;
1346;210;20;5;4,10,18
1347;482;11;4;5
1348;1;61;2;
1349;289;35;4;5,13
1350;60;45;5;1,17
1351;282;24;4;10,13
1352;60;58;3;12,30,36
1353;208;70;1;
1354;379;20;2;
1355;314;70;3;18,35,67
1356;159;15;3;9
1357;316;63;5;
1358;414;27;4;
1359;161;36;5;1,14,29
1360;497;69;5;64
1361;59;47;5;27,34
1362;101;10;2;2,3,8
1363;196;45;1;
1364;181;32;5;18,19
1365;466;20;5;4
1366;17;44;3;3
1367;487;21;3;19
1368;172;18;5;1,8,14
1369;405;45;5;
1370;14;47;4;24,29,44
1371;222;67;1;48
1372;78;19;1;6,7,11
1373;172;27;3;23,26
1374;175;42;3;
1375;311;70;4;47,57
1376;231;47;3;
1377;415;67;3;
1378;498;24;2;10
1379;196;50;5;15
1380;9;63;2;6,53
1381;295;16;2;2,3,13
1382;486;39;5;26,27,29
1383;66;40;4;10,37
1384;176;55;3;30,34
1385;304;27;3;
1386;429;56;3;
1387;32;69;2;9,20
1388;80;65;4;19
1389;76;51;4;41
1390;221;14;1;10,12
1391;315;17;5;7,14,15
1392;135;39;4;5,18,22
1393;48;39;1;2,18
1394;458;30;4;16,19
1395;189;38;4;2
1396;199;14;1;2,6
1397;387;49;5;16
1398;250;21;5;1,18
1399;370;51;4;
1400;425;20;4;5,13
1401;125;10;4;2
1402;371;19;4;1,12,14
1403;493;61;2;
1404;140;16;2;2,9
1405;364;54;1;
1406;194;13;4;10,12
1407;399;33;4;16,24
1408;8;36;2;5,35
1409;130;44;4;12,19,43
1410;0;40;2;2,13
1411;430;12;5;
1412;327;25;2;
1413;20;55;3;14
1414;187;41;1;30,32
1415;9;19;3;3,11
1416;229;70;2;1,53
1417;332;42;5;
1418;484;57;5;18
1419;227;67;3;18
1420;199;55;5;8,33,38
1421;288;66;4;15
1422;269;30;2;1,15
1423;421;18;2;
1424;87;43;4;12
1425;257;69;1;
1426;449;16;5;
1427;234;28;4;
1428;400;54;4;53
1429;171;65;4;53
1430;448;48;5;27
1431;325;30;2;
1432;408;25;5;
1433;484;63;5;
1434;170;58;4;40
1435;415;27;5;2,7,20
1436;340;46;2;1,39
1437;378;31;1;23
1438;368;63;4;6,54
1439;326;52;3;
1440;354;57;5;34,42,53
1441;208;24;2;
1442;468;64;3;3,22
1443;465;61;4;6
1444;90;58;4;
1445;284;55;2;7,32,45
1446;157;49;4;13,22,28
1447;349;35;1;
1448;443;64;3;9,13,39
1449;45;42;5;34,37
1450;185;25;5;1,11,24
1451;20;57;5;39,46
1452;135;70;1;41
1453;327;30;3;7,19,28
1454;4;19;4;8,13
1455;444;69;5;1,26
1456;339;24;4;23
1457;15;61;5;10,37,57
1458;116;52;3;11,36,41
1459;276;49;3;30,38
1460;173;53;3;
1461;262;59;4;28,44,49
1462;244;23;1;3,15,20
1463;402;51;5;25
1464;307;30;1;28
1465;236;25;2;6,14,23
1466;113;38;2;
1467;26;58;2;
1468;93;50;5;
1469;221;40;5;7,27,28
1470;193;43;5;5
1471;461;22;2;11,18
1472;451;66;4;8,42
1473;323;19;2;8,12,16
1474;306;21;5;
1475;281;61;1;19
1476;98;25;1;17
1477;421;33;3;3,19,29
1478;437;20;2;
1479;236;32;1;17
1480;417;64;5;63
1481;9;20;5;
1482;208;56;2;50
1483;378;56;1;12,49
1484;360;56;5;35,39
1485;38;49;4;
1486;197;54;1;17,27,47
1487;388;28;2;27
1488;282;59;3;
1489;491;41;1;
1490;80;38;4;
1491;76;30;2;
1492;88;58;4;
1493;101;40;1;30
1494;162;23;1;4,20
1495;169;48;5;1,6,36
1496;122;28;1;20
1497;162;16;5;
1498;148;20;2;
1499;344;45;1;
1500;283;68;2;57
1501;31;25;2;
1502;75;44;2;22,36,40
1503;123;48;4;37
1504;474;16;4;11
1505;57;66;2;20,51,52
1506;293;39;5;22
1507;386;10;2;2,5,7
1508;295;65;1;8,14,40
1509;264;53;1;
1510;273;39;2;20
1511;108;33;2;32
1512;125;36;2;
1513;484;50;4;31
1514;231;19;3;
1515;153;24;3;9
1516;425;11;1;1,2,7
1517;331;51;1;
1518;113;20;4;6
1519;19;20;4;6,12,13
1520;154;28;1;
1521;300;13;2;3,7
1522;459;41;3;
1523;247;49;4;9,17,38
1524;68;29;1;10,18,21
1525;351;12;4;4,5,6
1526;459;18;3;1,4,12
1527;455;37;5;
1528;386;35;1;
1529;373;57;1;
1530;57;17;3;15
1531;131;21;2;
1532;276;35;1;5,18
1533;220;60;3;27,36
1534;405;67;5;24,55
1535;95;48;5;14,30,41
1536;274;46;4;1,2,42
1537;267;18;3;1,8
1538;374;68;3;21
1539;253;47;5;
1540;77;60;3;22,34
1541;51;51;3;17,31
1542;56;28;1;4,10,19
1543;45;24;3;9,21
1544;166;33;5;9
1545;494;13;1;
1546;136;24;4;
1547;49;12;1;2,3,4
1548;31;12;4;
1549;21;54;1;53
1550;198;39;5;
1551;103;69;1;28,47,53
1552;178;34;4;
1553;308;25;5;7
1554;289;19;4;11,13
1555;407;10;1;
1556;228;22;3;15
1557;196;50;1;9,32,38
1558;222;39;2;
1559;473;52;2;4,36,37
1560;246;51;5;14,44
1561;348;35;2;3
1562;172;11;4;
1563;158;18;3;6,15
1564;476;60;5;
1565;253;43;5;35
1566;243;34;5;12,22
1567;334;37;2;
1568;167;46;2;12,21,40
1569;51;13;4;
1570;231;13;1;4,8
1571;53;56;4;
1572;82;13;2;
1573;327;26;1;
1574;296;32;3;1,2,14
1575;39;41;1;10,36
1576;5;21;1;4,16
1577;352;53;4;41,49
1578;331;65;1;19
1579;80;60;4;39
1580;30;11;1;
1581;278;11;3;
1582;418;70;4;2,53
1583;394;40;2;
1584;247;67;4;53
1585;389;34;2;9
1586;179;70;2;58
1587;208;32;4;4,13
1588;481;31;3;3
1589;332;23;2;1,5
1590;346;35;2;
1591;210;32;1;16,17,22
1592;53;65;1;
1593;495;66;5;
1594;263;30;4;
1595;269;13;4;1,10
1596;268;21;1;8,17
1597;386;18;4;13,16
1598;43;30;3;2,13,17
1599;239;56;2;50
1600;194;52;4;1,15,18
1601;48;70;2;31
1602;439;25;2;3
1603;88;41;1;
1604;494;14;2;6,13
1605;226;20;2;
1606;442;63;5;6
1607;240;31;4;5
1608;345;50;4;20,44
1609;431;68;5;
1610;58;69;5;6
1611;439;70;1;22,23
1612;457;35;1;2,15
1613;253;10;3;1
1614;1;37;1;28
1615;73;49;3;36
1616;296;47;5;
1617;240;59;1;5,38
1618;453;19;1;
1619;220;56;4;25,36
1620;348;14;3;
1621;422;48;1;27,31,37
1622;39;69;2;11
1623;2;19;1;7
1624;372;29;5;15,17,27
1625;95;11;4;
1626;64;53;1;2,19
1627;323;41;5;
1628;414;50;3;1
1629;439;18;1;3,13
1630;118;52;3;14,17
1631;94;14;5;
1632;331;25;1;4,6,19
1633;406;18;1;
1634;347;59;2;12,13,58
1635;197;68;3;10
1636;187;40;4;
1637;329;27;1;
1638;469;23;3;17
1639;205;30;1;15,24,29
1640;54;12;5;6,9
1641;361;44;5;23,24,34
1642;388;53;5;
1643;124;20;2;9,15
1644;264;64;4;23
1645;80;26;4;
1646;384;31;3;2,21,23
1647;191;38;5;28
1648;293;24;4;4,20
1649;287;44;4;1,21,22
1650;70;25;2;8,20
1651;368;66;3;52,62,63
1652;41;57;5;42
1653;404;56;1;3,6,41
1654;139;54;5;9
1655;450;63;2;22
1656;317;57;2;23
1657;103;19;4;12
1658;429;39;1;
1659;224;56;5;22,43,51
1660;454;68;4;14,53,57
1661;21;68;2;22
1662;274;32;3;25,31
1663;407;57;5;
1664;291;19;4;3,5,16
1665;54;63;3;35
1666;253;44;1;32
1667;67;68;1;66
1668;48;13;3;
1669;288;39;4;28,37
1670;182;55;4;12
1671;489;18;2;4,13
1672;322;59;2;
1673;133;40;5;23
1674;275;38;4;2
1675;356;45;5;20,30,42
1676;29;22;4;
1677;219;38;3;22
1678;113;29;4;
1679;36;65;2;45,55,56
1680;372;43;2;11,15
1681;131;27;4;26
1682;149;32;4;2,16,28
1683;274;21;4;9,14,18
1684;139;18;3;9
1685;214;42;1;38
1686;494;27;4;12,22
1687;492;16;3;9,11,15
1688;278;38;3;13
1689;293;32;2;6,9,18
1690;4;42;4;
1691;318;44;1;16,21,39
1692;279;54;2;
1693;153;29;5;11,13
1694;99;66;5;
1695;62;30;1;5,22,27
1696;377;22;3;2,15,16
1697;164;19;5;1,10,15
1698;400;17;4;5,10,13
1699;443;43;2;9,17,42
1700;11;35;3;14
1701;455;22;3;20
1702;144;45;5;29
1703;5;34;1;12,33
1704;385;39;1;15,20,38
1705;94;61;4;
1706;161;70;1;
1707;257;23;5;
1708;305;38;3;31
1709;328;57;5;21,25,40
1710;1;17;5;
1711;434;20;2;2
1712;77;23;2;20,22
1713;428;22;2;17
1714;241;69;3;33
1715;241;54;1;27
1716;70;11;2;1,6
1717;267;20;2;6,10,17
1718;486;64;1;
1719;239;47;4;12,13,15
1720;345;36;4;22
1721;227;70;1;15,33,40
1722;209;14;2;6,10,12
1723;128;59;3;17,51,55
1724;275;28;2;17
1725;321;21;5;7,19
1726;297;12;4;3
1727;262;46;2;29,35,45
1728;405;15;1;13,14
1729;396;48;1;1
1730;265;30;3;2,21
1731;244;22;2;1,3
1732;89;59;3;
1733;140;60;2;
1734;332;37;4;1,19,31
1735;490;45;2;4,32,34
1736;230;34;2;1,10,19
1737;209;19;1;2,3,5
1738;346;44;1;9,24,27
1739;301;53;2;
1740;450;54;3;12,51
1741;38;67;4;
1742;367;70;2;23
1743;235;70;2;15
1744;324;43;5;5,27
1745;65;17;5;9,13,16
1746;253;38;2;17
1747;158;18;3;
1748;324;29;4;22
1749;32;59;5;30,40
1750;455;61;4;12,20,32
1751;468;40;3;10,35
1752;242;21;3;6,13,20
1753;43;67;1;21,47
1754;74;18;1;
1755;422;64;3;39
1756;29;44;2;10
1757;155;21;5;4
1758;111;33;2;22,24,31
1759;369;49;1;9,19,47
1760;365;70;4;34,64
1761;389;49;4;17,23,25
1762;360;47;2;5,43
1763;160;67;5;
1764;82;40;4;1,6,30
1765;195;62;2;
1766;362;43;3;24
1767;202;62;1;38
1768;221;36;2;1,24,28
1769;373;49;3;10,18
1770;324;60;4;46
1771;94;25;1;5,8,17
1772;127;39;2;6,12,34
1773;252;40;5;31
1774;463;55;1;46
1775;47;24;5;10,16
1776;379;38;2;10
1777;144;36;2;
1778;249;22;1;18
1779;65;50;3;
1780;222;57;4;31,34,40
1781;266;16;2;
1782;237;68;2;63
1783;353;10;3;1,5,7
1784;342;33;3;18
1785;72;67;1;
1786;307;16;4;13
1787;490;27;1;3,17,24
1788;485;61;3;
1789;441;19;3;11,14
1790;146;35;1;4,23
1791;313;36;2;
1792;206;20;4;5
1793;355;62;1;
1794;479;38;3;
1795;111;21;2;6,11,12
1796;343;61;1;42
1797;13;23;5;
1798;101;14;3;
1799;461;70;1;
1800;239;56;4;
1801;14;25;2;4,6,13
1802;253;39;5;19,24
1803;112;70;1;23
1804;299;48;3;
1805;346;16;2;6,14
1806;238;32;2;6
1807;99;26;4;7,22
1808;201;67;5;33,44,55
1809;2;52;1;8,30
1810;199;37;2;14,27,32
1811;355;45;3;4,20,39
1812;262;39;5;22,37
1813;63;53;1;8,35,49
1814;116;65;5;45,57
1815;442;56;1;33,39
1816;35;48;2;3,27,28
1817;481;60;1;48
1818;482;49;4;7,21
1819;327;45;5;41
1820;4;27;5;16,17
1821;256;29;3;1
1822;388;57;3;37,49,55
1823;288;47;4;
1824;235;30;3;13,22,27
1825;74;53;4;22
1826;380;59;2;3,21,34
1827;403;54;2;22,23,41
1828;398;54;4;
1829;366;29;1;
1830;490;20;3;11,18
1831;405;34;1;
1832;123;10;1;2,4,6
1833;450;61;4;19,58
1834;244;45;5;7,24,28
1835;199;47;3;
1836;275;26;4;16
1837;406;24;3;7,21,22
1838;197;62;1;44
1839;201;62;1;24,54
1840;466;30;3;1,26,27
1841;163;55;4;4,8,45
1842;417;37;1;
1843;185;31;3;4,27
1844;411;55;2;
1845;316;14;5;
1846;93;52;5;24,45
1847;452;65;3;37,58,61
1848;423;59;3;5,24,52
1849;48;52;3;
1850;350;57;1;7
1851;479;43;2;13
1852;349;23;4;21
1853;495;50;4;26
1854;293;30;5;8,16
1855;270;63;4;20,39
1856;315;33;4;13,17,21
1857;235;39;1;
1858;360;11;4;10
1859;4;64;5;
1860;170;45;1;
1861;65;41;3;32
1862;467;50;2;24,35,40
1863;198;52;5;23,38
1864;325;59;3;7
1865;278;46;2;17,19,45
1866;367;14;1;6,9,10
1867;260;49;4;15
1868;417;12;3;10
1869;28;44;4;40,43
1870;318;24;1;
1871;161;36;5;
1872;474;30;3;8
1873;310;28;5;6,14,27
1874;107;51;1;
1875;441;57;1;
1876;317;27;2;2,9
1877;497;16;1;4,6,13
1878;445;49;3;11,24,41
1879;8;10;3;
1880;269;68;4;29
1881;333;47;2;45
1882;486;47;5;2
1883;453;35;5;12
1884;6;38;5;29,32
1885;109;53;3;19,46
1886;397;39;1;
1887;67;38;1;9,34
1888;481;45;3;26
1889;17;63;2;16,50
1890;50;34;3;3,14,19
1891;332;31;2;24
1892;403;68;3;38
1893;73;36;2;1,25
1894;122;59;2;53
1895;337;28;3;19
1896;103;16;5;
1897;292;24;2;4,11,21
1898;359;43;2;11,13,18
1899;108;46;3;2,3
1900;2;59;5;2,39,44
1901;0;59;3;30,48,58
1902;171;59;5;
1903;61;25;4;3,11
1904;57;48;1;
1905;125;47;3;
1906;255;51;4;4,13
1907;481;60;3;29,44,53
1908;407;43;5;10,11
1909;182;14;1;2,10,13
1910;87;63;4;9
1911;244;29;1;8,9,22
1912;299;67;1;24,26
1913;345;55;5;
1914;446;15;4;1,3,6
1915;271;39;2;23,25,29
1916;212;53;5;1,43
1917;354;56;2;4,51
1918;27;57;2;22,39,44
1919;301;30;2;
1920;490;38;4;
1921;498;61;5;34,47
1922;458;39;3;23
1923;282;66;5;13,38
1924;272;36;2;6,20,34
1925;375;69;1;26
1926;310;14;1;
1927;123;56;2;
1928;125;44;1;24,28
1929;481;50;4;
1930;31;47;1;10
1931;282;70;4;46,69
1932;147;23;4;10,22
1933;435;56;2;22,40,45
1934;190;57;1;12,15,43
1935;334;12;3;
1936;315;26;1;
1937;295;11;1;
1938;52;25;3;1,11,20
1939;47;18;5;3,6,13
1940;229;31;2;26
1941;318;60;2;5,6,7
1942;263;13;4;
1943;411;67;1;54
1944;82;15;3;
1945;281;16;5;7,14,15
1946;61;62;3;1,12,46
1947;269;22;3;1,19,20
1948;428;27;5;12
1949;433;16;3;
1950;194;15;5;
1951;125;68;3;2,33
1952;13;66;2;
1953;191;58;1;
1954;422;59;2;15,22,31
1955;170;45;3;13,40
1956;241;45;3;20,39
1957;492;21;3;2,13,17
1958;454;60;2;26,40,44
1959;216;44;3;30
1960;266;46;2;8
1961;79;68;2;6,38,49
1962;103;22;5;
1963;495;39;5;12
1964;115;54;4;10
1965;259;35;2;19,24
1966;481;65;3;12
1967;47;49;5;12,18,41
1968;159;41;5;20,27
1969;334;20;2;4
1970;205;12;2;
1971;290;56;1;26
1972;327;23;4;5,17,18
1973;306;55;3;43
1974;56;41;3;25
1975;181;21;4;
1976;367;55;3;
1977;205;23;2;17
1978;126;32;2;5,28,31
1979;487;36;2;
1980;349;18;1;14
1981;235;25;5;
1982;485;37;2;8,35
1983;286;28;5;11
1984;209;46;3;
1985;308;50;2;16,34
1986;461;64;5;
1987;191;22;1;9,16
1988;121;64;5;
1989;95;29;2;
1990;72;56;1;
1991;10;54;1;
1992;98;51;4;20,49
1993;363;32;3;12,22,26
1994;352;23;2;16,21
1995;494;66;1;3,32,43
1996;4;68;2;33,42
1997;55;47;4;44,45
1998;221;24;1;1,14
1999;221;59;4;
2000;271;49;5;13,39,46
2001;280;35;3;10,11,14
2002;353;30;3;25,27
2003;34;31;3;
2004;299;41;3;
2005;86;64;4;
2006;493;25;5;7,13
2007;426;41;1;
2008;202;18;4;10
2009;19;16;2;
2010;195;50;3;5,22,28
2011;260;25;4;
2012;345;13;5;1,11
2013;197;29;3;14
2014;372;68;1;19,25,38
2015;227;37;2;17,18,23
2016;298;70;1;
2017;403;11;5;8
2018;5;45;3;28,32,34
2019;425;42;5;
2020;154;26;4;7,22
2021;4;35;3;
2022;156;34;5;
2023;477;17;2;6,16
2024;3;60;1;3,9,15
2025;46;61;5;14
2026;228;68;3;
2027;311;15;5;6,9,11
2028;119;48;5;3,42
2029;162;64;3;49,56
2030;261;53;3;17,20
2031;344;13;4;8,11
2032;499;43;4;17,23,33
2033;183;41;3;1,17,21
2034;394;63;1;4
2035;488;55;3;53
2036;375;35;4;10,19
2037;303;41;1;33
2038;18;57;5;32
2039;385;68;2;53
2040;112;27;3;
2041;287;24;4;12,16,22
2042;22;13;1;7
2043;344;39;4;16
2044;206;53;4;
2045;99;58;2;
2046;37;39;1;15,30,32
2047;259;19;3;7,11,18
2048;374;69;1;38
2049;324;69;5;
2050;339;61;1;20,44
2051;492;24;5;7
2052;358;62;4;
2053;429;36;3;9,15,17
2054;161;70;3;9,29,37
2055;138;30;1;27
2056;356;51;3;28
2057;176;62;1;53,55
2058;119;33;1;3,4,28
2059;377;17;3;4,9,15
2060;307;67;5;
2061;287;42;5;1,38
2062;87;27;3;22,24
2063;240;63;4;
2064;77;22;1;
2065;86;24;3;
2066;392;62;4;
2067;306;39;2;19,20
2068;37;56;1;1
2069;204;62;5;
2070;405;55;1;15,38,52
2071;491;65;4;1
2072;133;37;4;17
2073;103;22;1;
2074;15;59;3;1,2,3
2075;359;59;2;8,58
2076;78;27;5;
2077;303;44;2;42
2078;288;56;5;3,23
2079;372;20;2;6,16,18
2080;72;51;4;3,35,44
2081;3;53;1;26
2082;429;12;4;4,7,11
2083;279;50;5;7,27
2084;433;12;5;
2085;495;20;2;3,13,17
2086;498;52;3;30
2087;39;46;4;
2088;466;34;5;19
2089;166;68;3;25,28
2090;221;10;3;2
2091;60;61;5;2,51
2092;162;56;3;26
2093;94;47;4;11
2094;60;43;5;
2095;442;37;5;15,24,27
2096;47;23;1;
2097;486;22;5;
2098;61;49;3;35
2099;372;54;2;10,26
2100;89;52;5;27,37
2101;394;27;4;3
2102;220;42;5;
2103;249;42;3;6,7,26
2104;126;20;1;6,13
2105;188;43;3;28
2106;159;11;5;
2107;57;50;2;9,29
2108;24;64;1;4
2109;200;29;2;15
2110;174;50;1;
2111;155;64;3;20
2112;491;67;4;6,17
2113;263;66;2;
2114;165;62;2;
2115;400;12;2;7
2116;231;67;1;31,51,52
2117;250;58;4;
2118;7;15;5;7,12
2119;313;65;1;
2120;57;48;5;8,11,21
2121;425;28;5;11,16,21
2122;121;53;5;7,27
2123;431;65;3;44,50,54
2124;245;27;1;6
2125;246;36;2;
2126;367;32;1;17,18,21
2127;421;31;1;20
2128;263;44;5;11,42
2129;354;31;2;10,12,26
2130;63;28;4;5,17
2131;269;33;4;3
2132;263;40;1;7,32
2133;408;44;5;21
2134;493;43;2;
2135;330;66;5;48,50
2136;462;62;4;23,54
2137;117;47;3;14,35
2138;73;34;4;8
2139;391;21;4;3,19
2140;87;65;4;8,10,54
2141;185;21;2;6,20
2142;493;54;1;
2143;367;36;4;5
2144;448;27;3;1
2145;278;13;4;5
2146;270;31;3;10,27,29
2147;89;11;3;
2148;253;31;1;11
2149;358;49;4;16,45
2150;175;47;5;24,43
2151;111;17;1;7
2152;251;17;1;1,7,14
2153;165;40;1;
2154;101;54;3;35
2155;64;21;5;1,9,17
2156;128;65;1;
2157;409;34;2;13,30
2158;428;60;4;
2159;360;16;4;8
2160;455;58;5;6,33
2161;338;35;1;13,17,25
2162;36;32;1;3
2163;181;27;5;21,22
2164;149;30;4;24
2165;401;55;4;19,24,34
2166;108;65;3;2,26,49
2167;372;13;5;7,8,9
2168;494;21;4;5,16
2169;101;50;3;
2170;489;29;2;5,20
2171;271;33;5;
2172;343;36;1;29
2173;497;62;2;16
2174;57;35;1;4,5,6
2175;311;15;2;
2176;324;55;3;22,40
2177;153;26;4;6,23,24
2178;19;57;3;16
2179;461;69;5;
2180;374;23;1;11,19
2181;151;70;3;9,69
2182;398;12;5;4,5,8
2183;469;51;5;11,12
2184;181;69;1;
2185;314;66;3;38
2186;168;55;5;30,53
2187;354;51;2;17
2188;179;43;4;
2189;128;38;2;6,22,31
2190;183;69;3;21,31,67
2191;114;13;3;5,6
2192;276;49;4;1,15
2193;38;48;2;12,21,43
2194;471;34;4;1,6,31
2195;215;12;5;
2196;432;39;1;
2197;258;55;2;11,18,21
2198;169;60;5;13
2199;401;20;4;3,4,15
2200;436;60;5;1,12,40
2201;346;49;4;26
2202;390;10;1;7,9
2203;414;45;5;12,19,26
2204;414;23;2;13
2205;479;36;3;26
2206;68;39;4;
2207;302;21;2;7
2208;74;40;1;36
2209;107;47;5;
2210;469;48;5;30
2211;368;59;4;
2212;304;43;3;2,32
2213;178;51;5;4,39
2214;37;52;2;
2215;386;48;1;
2216;275;22;5;3
2217;272;22;4;
2218;353;22;4;
2219;103;41;5;26,40
2220;211;66;3;15,22,59
2221;404;14;3;1,3,9
2222;81;62;3;26
2223;283;32;2;5,8
2224;229;70;5;14,35
2225;172;42;3;21
2226;215;34;4;17,18,30
2227;441;20;1;
2228;321;11;4;
2229;310;32;4;12,23
2230;392;45;3;15,18
2231;373;39;1;14,18
2232;390;57;1;1,25,55
2233;238;53;1;
2234;209;25;1;
2235;182;65;2;27
2236;193;65;3;30
2237;226;62;4;44
2238;225;32;5;
2239;57;11;1;4,5,6
2240;233;27;1;
2241;101;27;5;3,7
2242;18;68;1;2,19,52
2243;252;64;1;15
2244;226;20;4;3,11
2245;387;40;1;13
2246;429;60;5;
2247;344;44;1;3,32,35
2248;175;64;4;
2249;100;44;4;3,29,32
2250;305;17;3;
2251;185;26;1;18,23,24
2252;291;27;2;24,25
2253;67;21;5;18
2254;54;22;2;
2255;324;21;5;5,12,20
2256;371;10;1;
2257;484;40;1;24
2258;90;36;5;1,2,5
2259;272;42;5;8,15
2260;49;29;2;21,22
2261;220;57;1;15
2262;150;60;4;26
2263;207;10;3;1,6,8
2264;373;15;5;
2265;362;64;2;56,62
2266;38;61;2;8,15,31
2267;405;41;3;38
2268;214;49;1;17,22,46
2269;454;60;2;
2270;349;19;2;
2271;446;27;1;9,13,22
2272;362;29;5;22
2273;454;32;3;4
2274;345;17;2;12,15
2275;225;42;3;
2276;438;20;3;15,18
2277;20;65;1;18,56
2278;460;20;3;6
2279;193;27;1;15,22,26
2280;209;20;5;3,6
2281;368;26;5;11,18
2282;487;13;4;3,5
2283;494;53;5;42
2284;433;50;1;2,21,30
2285;17;66;4;15,37
2286;488;31;4;19,21
2287;392;19;3;
2288;316;46;1;
2289;380;57;1;32,41
2290;475;12;1;1,4,10
2291;133;41;4;7,8
2292;352;41;5;4,32
2293;424;70;5;4
2294;36;24;2;8,11,17
2295;405;39;2;11,13,34
2296;131;67;2;7
2297;368;42;3;3,22,27
2298;104;70;3;9,18,65
2299;238;14;4;
2300;376;19;2;1,12,18
2301;173;42;4;7,33
2302;232;70;5;14
2303;391;33;2;
2304;216;15;5;
2305;273;53;4;47
2306;155;15;4;1,3,7
2307;329;42;2;9
2308;113;25;2;
2309;303;22;2;19
2310;164;64;2;
2311;292;11;5;
2312;215;39;2;4,19
2313;327;24;5;4
2314;82;45;5;15,26
2315;191;21;3;5,13
2316;322;56;1;27,41
2317;237;21;1;5,8,17
2318;19;33;1;25,32
2319;192;18;3;
2320;304;67;5;2,60
2321;84;36;2;10,12,15
2322;73;41;1;
2323;430;31;4;10,25
2324;149;38;1;29
2325;446;13;5;2,5,8
2326;230;15;3;10,12
2327;414;26;1;
2328;314;49;2;25,36,43
2329;264;67;3;11,36,58
2330;223;17;1;
2331;212;30;1;2,20,21
2332;6;12;1;4,8
2333;477;61;5;1
2334;300;54;4;22,29,44
2335;104;24;3;2,17
2336;293;54;5;22,43
2337;118;52;5;
2338;466;35;1;19,23
2339;424;18;5;2,5,10
2340;84;54;4;33,44
2341;350;69;2;23,51,64
2342;191;24;3;5,12
2343;492;38;3;13,17
2344;353;49;4;3,9,32
2345;315;52;2;
2346;284;49;3;4,11,25
2347;328;63;5;7,30,46
2348;413;11;2;6,8
2349;492;15;4;3,8,9
2350;81;66;1;54
2351;54;34;3;2,8
2352;469;45;2;7,15,39
2353;270;33;1;
2354;39;58;3;11,20,42
2355;253;64;1;38
2356;458;24;1;
2357;372;66;4;
2358;183;34;4;10,12,28
2359;153;48;1;4,32,34
2360;30;59;1;15
2361;339;18;1;5,17
2362;471;69;5;
2363;20;40;2;3,7,38
2364;409;57;4;25
2365;7;25;4;7
2366;275;17;2;
2367;27;66;5;35,44,55
2368;98;48;4;
2369;337;69;2;62
2370;458;52;3;10,13,24
2371;26;41;1;
2372;245;36;1;8,18,32
2373;454;64;4;
2374;229;60;3;
2375;409;45;4;31
2376;380;42;5;8,33,36
2377;491;13;5;3,5,7
2378;480;44;3;19,37
2379;133;21;5;
2380;64;70;3;
2381;452;26;1;2,17,25
2382;498;40;4;8
2383;371;38;1;21,26
2384;158;56;3;11,33,45
2385;149;49;2;
2386;32;18;1;5,9,10
2387;368;63;5;
2388;260;57;3;18,41
2389;182;32;2;
2390;382;63;1;
2391;200;70;4;21,40,59
2392;364;60;1;20
2393;422;20;2;
2394;43;27;3;1,7
2395;342;22;3;11
2396;225;61;1;2,45
2397;168;31;1;2,18,20
2398;161;21;5;12,16
2399;454;29;4;
2400;204;28;4;
2401;435;15;2;
2402;288;22;2;1,2,12
2403;326;41;1;17,35
2404;368;31;1;
2405;194;53;1;38
2406;5;34;1;23
2407;178;37;4;8,21
2408;409;25;3;13,19
2409;314;44;4;8,40,43
2410;311;27;3;
2411;399;70;4;29,31
2412;200;65;4;14,61
2413;72;33;2;1,29,30
2414;463;14;1;9
2415;59;18;4;3,9
2416;77;70;1;20,67
2417;347;65;4;
2418;4;57;4;
2419;218;68;3;38,41
2420;355;70;3;
2421;442;26;5;3,22,25
2422;156;30;4;18,21
2423;192;58;4;3,4
2424;104;17;1;13
2425;297;37;3;2
2426;167;44;2;42
2427;248;37;5;5,22
2428;107;53;2;
2429;45;20;2;7,9,14
2430;438;41;5;26,34
2431;202;39;5;20,34,37
2432;111;39;3;17
2433;50;10;2;2
2434;303;18;3;8,10
2435;306;45;1;7
2436;404;59;1;
2437;270;22;2;16,17
2438;325;52;2;
2439;225;13;5;2,4,10
2440;361;40;1;
2441;341;45;5;22
2442;69;29;3;18
2443;246;35;4;18
2444;450;65;5;22,36,52
2445;453;25;5;3
2446;91;31;1;1,3,22
2447;87;51;3;5
2448;212;29;1;8,16,28
2449;155;20;5;4,7
2450;345;32;4;8,26,29
2451;488;19;2;3,9,10
2452;414;45;5;
2453;162;15;4;1
2454;485;29;4;27
2455;344;10;1;4
2456;410;63;3;57
2457;346;22;5;
2458;298;55;2;9
2459;12;53;1;1,31,36
2460;459;51;3;10,36,45
2461;188;44;4;14,16,27
2462;424;67;2;
2463;338;55;4;
2464;475;40;4;25
2465;278;18;3;14,17
2466;446;36;4;11,30
2467;167;70;4;29
2468;306;53;3;6
2469;350;28;4;12,14,17
2470;345;29;1;15
2471;88;41;1;9
2472;347;53;3;3,32
2473;397;54;3;44
2474;113;64;4;39
2475;221;32;5;7,30
2476;315;41;5;28
2477;307;52;5;
2478;245;15;3;
2479;317;10;5;
2480;348;53;5;
2481;169;51;5;24,40
2482;125;45;4;1,17,42
2483;322;20;3;14
2484;244;18;4;3,7
2485;78;20;3;4,7,12
2486;352;62;4;12
2487;491;50;3;
2488;187;23;4;
2489;298;57;2;5,10
2490;127;65;3;
2491;126;25;2;1
2492;10;35;2;9,20
2493;324;30;4;
2494;152;47;1;14,41
2495;95;15;4;6
2496;341;35;3;6,10,18
2497;207;51;1;3
2498;299;16;3;
2499;166;60;3;24
2500;451;60;4;
2501;71;25;3;13,16
2502;455;44;3;5
2503;439;14;1;2,3
2504;421;55;1;6,37,41
2505;65;23;2;5,8,21
2506;499;52;5;32
2507;327;25;3;
2508;46;53;2;3,27
2509;279;39;2;7,13,20
2510;250;61;4;
2511;191;70;3;51
2512;106;38;1;
2513;342;14;3;8
2514;82;41;1;
2515;226;33;4;12,16
2516;176;69;1;29,31,38
2517;74;63;1;16
2518;491;21;1;
2519;82;12;2;1,7,10
2520;350;65;4;3,43
2521;259;19;2;13
2522;302;11;4;8
2523;131;12;2;7
2524;311;36;1;
2525;340;68;1;49
2526;163;50;1;3
2527;106;40;4;14,25,36
2528;372;59;2;40,41
2529;192;13;4;
2530;406;51;3;
2531;488;59;5;
2532;355;39;2;1,20,36
2533;379;68;1;
2534;36;16;1;2,8
2535;390;16;4;3,4,14
2536;170;17;3;8,11,16
2537;141;24;4;1,14,20
2538;379;49;2;8
2539;126;53;2;50
2540;93;53;3;10,31
2541;52;29;4;8
2542;331;62;4;12,23,24
2543;32;34;3;9,14
2544;249;50;3;13
2545;150;63;3;
2546;218;25;2;
2547;183;31;5;27
2548;244;43;5;17
2549;97;16;4;
2550;33;42;2;
2551;204;70;4;29,34,63
2552;434;13;2;4,6
2553;313;46;1;
2554;305;15;4;9,10
2555;155;69;5;29,34,64
2556;429;50;1;31
2557;195;19;2;
2558;490;55;3;4,31,49
2559;468;44;2;40
2560;213;58;5;24
2561;234;65;1;35
2562;344;28;3;8,11
2563;358;52;3;15,37,38
2564;0;62;2;
2565;385;21;2;7
2566;278;40;1;
2567;475;45;4;
2568;254;67;1;28
2569;472;45;5;2,22
2570;76;27;2;5
2571;306;50;3;
2572;52;24;3;
2573;181;46;5;40,41,43
2574;386;65;2;56
2575;413;61;2;9,22,35
2576;414;59;3;
2577;458;51;3;3,34
2578;48;46;4;4,38,44
2579;194;53;1;
2580;182;10;1;1,8
2581;0;42;3;22,31
2582;354;58;3;27,31,33
2583;422;41;2;28,31
2584;74;48;1;35,37,46
2585;256;62;3;38,58
2586;374;50;3;15,18,20
2587;403;35;5;22,23,32
2588;74;48;4;4,26,34
2589;486;53;2;29,42
2590;272;47;5;
2591;381;48;3;10,33,46
2592;102;17;1;2,12
2593;130;51;3;3,29,35
2594;392;46;3;1
2595;193;26;5;16,19
2596;405;22;2;15
2597;65;28;5;7,12
2598;323;41;4;10,26,27
2599;7;46;1;3,17,44
2600;258;66;3;31
2601;270;15;3;1,6,8
2602;163;41;4;
2603;71;31;4;
2604;110;38;3;
2605;272;38;4;
2606;198;14;1;7,9,11
2607;4;69;2;
2608;455;32;4;17
2609;187;57;1;20,22,24
2610;155;22;2;
2611;79;66;5;30,60
2612;390;40;2;3
2613;25;40;3;11
2614;309;43;2;
2615;275;34;3;6,15,31
2616;396;44;5;3,17
2617;5;43;1;26,30,36
2618;379;12;5;5,8,9
2619;439;20;1;16
2620;237;64;5;
2621;306;15;1;3,6,9
2622;40;53;4;33,36
2623;271;65;3;
2624;243;14;5;
2625;397;46;2;12
2626;279;38;3;
2627;106;21;3;3,12
2628;306;45;4;16,42
2629;246;50;5;9
2630;260;51;4;
2631;98;49;3;2,7,13
2632;484;46;5;32
2633;99;32;2;
2634;337;14;3;
2635;275;14;4;6,11,12
2636;367;63;1;
2637;74;49;3;2,21,45
2638;330;32;3;
2639;72;39;5;8,21,22
2640;21;41;4;33,35
2641;358;34;3;13,18,29
2642;251;47;5;1,22
2643;226;40;4;28,37,38
2644;463;66;3;38,49,62
2645;198;66;2;41,54,56
2646;195;61;3;
2647;222;46;5;8
2648;476;60;4;25,30
2649;123;13;5;
2650;106;58;4;8
2651;358;18;5;
2652;100;12;2;7
2653;8;43;5;20,24,38
2654;260;14;5;
2655;108;31;1;21
2656;208;49;4;21
2657;5;64;3;
2658;372;22;5;13,14
2659;190;28;4;
2660;13;27;3;2
2661;257;16;4;1,7,9
2662;491;50;4;3,16,23
2663;51;59;3;
2664;198;65;1;31,35,61
2665;99;58;3;6,43
2666;141;14;2;6,7
2667;99;62;3;12,43
2668;147;67;4;38
2669;141;68;2;62,64
2670;187;14;1;1
2671;467;51;3;
2672;337;55;4;29,30,52
2673;103;19;3;17
2674;238;60;4;10
2675;425;28;1;
2676;292;57;3;6,27,34
2677;397;39;5;3,6,15
2678;355;54;3;
2679;300;59;3;12,48,49
2680;396;41;2;
2681;57;65;4;13
2682;318;25;4;1
2683;418;20;5;4,10,13
2684;23;43;1;36
2685;317;12;3;2,3,6
2686;414;11;1;7,8,9
2687;273;36;3;15,17,22
2688;467;50;5;9,24,42
2689;396;59;3;48
2690;152;54;3;2,3
2691;136;53;5;1,2,48
2692;354;26;1;
2693;296;44;4;
2694;316;63;4;
2695;37;46;1;13,30
2696;58;30;4;
2697;369;51;5;15,20,47
2698;331;47;4;
2699;206;65;4;
2700;248;56;4;14,16,25
2701;68;19;5;
2702;164;70;4;13,32,63
2703;46;52;2;
2704;389;44;4;
2705;119;17;1;
2706;342;63;4;20,31,42
2707;127;52;3;13
2708;132;59;2;28
2709;128;57;3;26,30,35
2710;492;67;2;20,25,45
2711;47;65;4;12,36
2712;182;59;1;17,43
2713;411;29;2;7,15,20
2714;373;49;2;
2715;300;24;2;13,21
2716;298;52;3;8,16,32
2717;233;64;5;54,55,63
2718;372;51;1;15
2719;257;61;2;39
2720;129;62;5;12
2721;293;41;4;12
2722;262;37;1;
2723;334;31;3;18,26
2724;148;23;4;
2725;484;54;2;31
2726;6;34;5;7,20,24
2727;459;15;5;
2728;334;67;3;35,56
2729;290;59;5;
2730;340;61;3;
2731;347;66;4;20
2732;371;70;5;16,47
2733;286;27;4;7
2734;238;59;5;43,54
2735;21;44;2;13
2736;247;69;1;
2737;200;31;4;11,22,29
2738;50;41;4;21,30
2739;77;16;1;3,4,15
2740;265;28;4;22,24,27
2741;135;18;5;11,15,17
2742;415;57;5;6,7,12
2743;139;40;3;22
2744;24;48;4;11,18,44
2745;132;33;4;16,17,31
2746;453;49;4;14
2747;87;29;5;
2748;60;53;5;22
2749;327;68;3;
2750;253;27;5;14
2751;133;15;1;13
2752;326;22;2;10,16,20
2753;186;10;2;
2754;111;46;2;5
2755;477;23;1;1,12,18
2756;177;62;5;26,47
2757;26;14;4;1,6,9
2758;25;15;3;2,9,10
2759;200;25;3;13
2760;249;31;4;25
2761;234;14;4;3,8,12
2762;36;48;5;12,26,39
2763;184;25;5;16
2764;74;63;4;4,33
2765;445;45;1;
2766;405;24;5;
2767;275;61;5;3,23,59
2768;124;62;4;57
2769;455;68;5;20,32,50
2770;219;16;2;7,15
2771;483;22;4;5,6,13
2772;134;52;3;3,32,35
2773;303;64;5;44
2774;24;15;1;
2775;195;58;4;45
2776;477;67;1;5,14
2777;357;45;4;12
2778;386;56;5;
2779;223;12;2;5,10,11
2780;333;43;1;
2781;23;19;5;3,7
2782;380;34;5;27,31
2783;465;47;5;21,31
2784;235;39;2;
2785;54;29;3;10,24,26
2786;113;48;2;
2787;92;58;4;
2788;159;61;4;
2789;197;69;3;
2790;41;33;3;5,13
2791;477;45;2;
2792;420;42;4;
2793;138;33;3;14,24,32
2794;145;15;5;1
2795;13;18;2;7,10,15
2796;364;25;1;2,3
2797;340;54;5;34,38
2798;23;66;5;23,32,52
2799;46;24;1;21
2800;437;53;5;
2801;258;35;3;1,19,25
2802;1;59;5;58
2803;270;13;5;5,6
2804;226;43;3;8,14,34
2805;399;39;5;12
2806;445;22;2;
2807;178;19;5;13,18
2808;31;20;4;9,19
2809;454;25;2;9,12,14
2810;450;48;1;
2811;61;53;3;38,49
2812;455;20;3;3,6
2813;224;70;2;21
2814;493;58;4;16,51
2815;79;17;2;11,13
2816;486;10;2;6,9
2817;136;27;4;11,16,21
2818;480;65;3;31,43
2819;489;57;3;2,24,40
2820;439;54;1;4,42
2821;311;10;2;4
2822;241;52;1;38,40,43
2823;234;16;1;8,11
2824;376;36;3;16,22,35
2825;364;22;4;6
2826;213;47;1;6,8,22
2827;12;11;1;4,5,10
2828;322;31;1;1,3,22
2829;123;25;2;
2830;387;22;3;
2831;177;27;3;6,9,25
2832;65;16;4;
2833;170;63;3;5,20,50
2834;167;52;1;22,49
2835;73;47;4;14,21,34
2836;367;38;3;11,14,22
2837;174;43;2;23,36,40
2838;369;20;3;10,17
2839;165;22;3;
2840;286;26;4;21,23
2841;403;61;1;8,11,42
2842;435;25;1;4,15
2843;98;24;3;
2844;172;53;2;30
2845;407;22;1;12
2846;397;62;5;22,29,51
2847;260;42;3;2
2848;81;29;4;12,14,19
2849;411;17;3;3,4,10
2850;484;70;2;
2851;359;20;1;3,10,17
2852;174;11;2;
2853;104;62;5;1,12,34
2854;161;38;5;8,9
2855;326;36;5;12,30
2856;13;62;1;1,4,19
2857;425;64;4;26,42
2858;146;16;3;10,12,15
2859;244;36;3;19,21,32
2860;400;34;1;
2861;122;27;4;
2862;352;28;4;
2863;393;54;3;14,43
2864;469;45;5;12,29
2865;40;19;1;
2866;65;24;2;
2867;67;28;4;27
2868;267;51;1;
2869;71;60;1;
2870;350;63;2;14,25,57
2871;230;26;3;18,22
2872;387;40;3;24,28
2873;263;46;1;21,32
2874;375;50;2;7,38,46
2875;355;37;3;27
2876;69;46;5;1,39
2877;206;65;4;
2878;449;44;1;17,28,31
2879;434;36;1;
2880;466;12;2;3,7
2881;143;59;5;9,24,38
2882;408;29;2;15
2883;242;67;2;
2884;472;30;3;
2885;467;21;4;2,10,11
2886;454;43;1;7
2887;399;32;3;8,19
2888;377;33;1;8
2889;309;33;3;1,14,25
2890;364;26;5;5,6
2891;222;14;4;2,4,7
2892;294;46;1;4,33
2893;468;66;4;9
2894;184;53;1;34
2895;87;67;4;
2896;366;32;1;3,5
2897;281;66;3;22,60
2898;411;61;2;4,42
2899;54;66;5;45
2900;328;59;5;28,37
2901;187;26;4;
2902;458;45;3;
2903;143;24;2;14,16,22
2904;138;51;3;43,45,47
2905;73;44;3;30
2906;446;36;4;
2907;411;10;5;9
2908;73;69;4;
2909;10;29;3;24
2910;120;70;4;5,66,69
2911;98;34;3;15,26,27
2912;459;65;4;
2913;24;67;2;
2914;59;15;5;1,13
2915;133;69;5;7
2916;150;37;2;
2917;165;65;2;14
2918;251;69;4;5,55
2919;483;27;3;10
2920;241;66;5;8,27
2921;331;40;3;27,30
2922;296;41;4;
2923;435;14;2;7,9,13
2924;364;50;3;46
2925;154;65;1;
2926;93;51;5;2,18,45
2927;118;42;4;9,14,30
2928;79;63;1;62
2929;128;45;5;22,44
2930;399;11;3;
2931;108;14;5;
2932;175;23;2;
2933;475;51;3;
2934;260;46;1;
2935;217;21;5;
2936;113;48;5;20,25
2937;92;14;1;11
2938;247;16;1;13
2939;173;58;3;55
2940;280;32;3;14,31
2941;424;26;1;12
2942;46;14;3;2,5,9
2943;187;68;4;52
2944;157;62;4;39,55
2945;113;20;5;
2946;171;67;5;
2947;257;50;3;33,39
2948;6;34;5;6
2949;148;12;1;3
2950;127;20;4;2,6,12
2951;463;65;2;10,12,13
2952;414;20;3;10,13,15
2953;216;39;4;34
2954;130;38;2;11,27,28
2955;453;70;4;
2956;344;69;1;66
2957;50;26;2;22,25
2958;228;36;4;
2959;109;26;4;7,18,20
2960;423;11;4;
2961;197;55;5;34
2962;61;61;5;59
2963;363;48;4;11,14
2964;154;52;1;4,16
2965;253;40;4;
2966;477;10;1;3,9
2967;117;17;5;6
2968;431;29;3;4,25,27
2969;167;56;5;36
2970;462;28;2;11
2971;322;52;3;46
2972;98;13;4;3,7
2973;180;18;5;2,8,16
2974;81;17;2;9
2975;163;54;5;36
2976;64;39;4;
2977;211;63;2;8,21,36
2978;308;38;4;7
2979;419;20;1;3
2980;192;11;5;9
2981;399;65;2;2,63
2982;36;57;3;
2983;459;70;2;16,20
2984;195;39;4;4,32
2985;282;18;4;10
2986;418;13;5;8
2987;188;22;4;
2988;383;38;1;31
2989;92;26;1;
2990;222;62;4;
2991;281;46;3;31,41
2992;327;67;2;53
2993;28;16;3;3,5
2994;350;40;5;27,34,36
2995;338;60;5;4
2996;174;11;1;
2997;243;25;5;7,18
2998;398;54;1;28
2999;41;39;4;2
3000;73;57;3;4,6,28
3001;216;51;4;11,15,39
3002;435;45;5;8
3003;414;52;4;43
3004;191;43;1;36,40
3005;272;40;3;10
3006;349;22;2;20
3007;422;26;5;17,21
3008;376;19;5;
3009;50;63;3;2
3010;310;51;3;
3011;378;70;3;22,43
3012;310;34;1;1,11,22
3013;374;24;2;6,7,8
3014;287;69;4;44,48,67
3015;23;25;5;12,22,23
3016;473;25;4;
3017;91;38;4;37
3018;382;62;1;1,24,59
3019;20;22;4;
3020;363;52;1;30
3021;460;55;4;
3022;233;33;5;
3023;139;17;3;
3024;140;28;1;4,10
3025;152;29;5;
3026;485;14;5;
3027;67;20;1;10,15
3028;88;10;5;5,6
3029;470;13;2;4,6,7
3030;169;49;1;3
3031;58;44;3;24
3032;474;55;1;27
3033;90;70;5;18,62
3034;285;21;2;9,10
3035;230;24;3;5
3036;281;10;2;7
3037;436;11;4;
3038;171;47;4;5,25,36
3039;390;15;4;8
3040;194;60;5;53
3041;380;28;5;
3042;332;49;1;14,27,38
3043;464;70;2;57,62
3044;450;22;4;2,8,14
3045;475;50;4;27,30,39
3046;279;70;1;7,14,38
3047;146;36;2;3,13,17
3048;41;56;3;27
3049;393;14;4;4
3050;405;47;1;11,18,35
3051;436;38;1;10,37
3052;201;43;4;31
3053;207;58;4;7,30,57
3054;388;66;2;62
3055;224;14;2;4,6
3056;402;49;5;
3057;96;38;4;
3058;38;15;2;
3059;267;31;2;16
3060;407;18;1;15
3061;101;46;3;25,27
3062;377;60;4;
3063;416;21;4;
3064;496;68;5;13
3065;108;27;4;
3066;83;49;3;
3067;4;68;2;2,26
3068;172;67;4;
3069;205;24;3;16,21
3070;235;15;1;3,5
3071;296;58;1;21,23,52
3072;162;11;3;
3073;172;31;1;7
3074;456;66;4;46
3075;337;16;5;4,15
3076;431;46;4;15,32,41
3077;430;53;4;46
3078;253;14;1;
3079;66;10;1;
3080;165;21;1;
3081;169;34;5;8,22,33
3082;157;68;3;4,15,30
3083;61;28;5;12,18
3084;43;56;3;2,34,46
3085;458;15;2;3,9
3086;403;40;5;4,14,16
3087;390;17;2;10
3088;374;62;3;41
3089;71;31;4;
3090;65;69;3;23,28,31
3091;477;45;2;29,35,44
3092;367;58;1;
3093;269;56;4;24,39
3094;128;46;3;
3095;477;64;5;8,38,62
3096;412;11;2;1,3
3097;209;18;4;7,14
3098;56;34;1;20
3099;59;42;5;14,23,26
3100;239;13;1;11,12
3101;69;60;5;7
3102;404;18;1;
3103;495;18;2;4,6,14
3104;227;51;1;11,49,50
3105;298;21;3;
3106;41;19;4;
3107;360;63;5;17
3108;162;19;3;9,10
3109;82;53;5;4,46
3110;398;69;3;
3111;334;52;4;
3112;155;47;3;24,25,31
3113;493;59;5;20,34,43
3114;497;34;1;28
3115;127;10;4;6
3116;493;50;2;3,6,48
3117;131;32;3;26,29,30
3118;137;45;4;37
3119;357;33;2;6,11
3120;6;11;2;6,9
3121;460;35;4;
3122;66;18;2;
3123;461;17;2;8
3124;313;42;1;
3125;190;35;4;
3126;165;14;4;13
3127;475;57;3;17,19,22
3128;359;53;5;
3129;224;49;2;35
3130;325;51;2;
3131;42;68;1;28
3132;168;44;2;23
3133;33;52;3;13,24
3134;418;29;5;13
3135;483;24;2;6
3136;123;33;2;28,30,32
3137;308;58;4;46
3138;176;44;5;6
3139;254;27;4;2,8,23
3140;349;59;3;8
3141;230;34;5;1,19
3142;226;63;3;51
3143;119;27;2;6,11,20
3144;122;30;1;
3145;11;37;5;29
3146;43;15;1;2,4,11
3147;252;35;5;
3148;141;24;3;5,18,19
3149;473;33;4;19
3150;199;60;1;
3151;436;62;2;6,10
3152;365;15;1;1,8,12
3153;470;19;2;8
3154;205;37;2;22
3155;380;62;3;6
3156;470;13;2;12
3157;307;37;2;19,24
3158;1;57;3;22,27
3159;433;47;4;43
3160;382;29;3;13
3161;482;61;3;
3162;181;27;5;4
3163;486;56;1;6,16,31
3164;346;44;4;
3165;154;26;5;23
3166;145;16;1;12
3167;418;44;3;4
3168;250;16;2;8
3169;115;24;5;1
3170;135;11;3;
3171;490;41;2;
3172;402;37;4;17
3173;83;36;3;4,34
3174;405;67;5;
3175;441;55;5;
3176;297;46;5;30
3177;41;63;5;2,11
3178;408;41;2;19
3179;260;66;4;
3180;170;34;2;
3181;464;50;5;5,11
3182;490;68;2;50
3183;187;33;5;11,23,32
3184;379;36;1;32
3185;388;36;1;34
3186;140;29;5;4
3187;209;59;1;
3188;92;32;5;25
3189;458;12;1;2,3,8
3190;36;37;3;10,11,30
3191;282;11;3;5,7,9
3192;234;30;2;
3193;116;28;4;10,22
3194;188;23;5;6,11,16
3195;495;13;2;
3196;21;29;4;5,22,27
3197;85;22;3;6
3198;270;62;2;31
3199;90;45;1;7
3200;226;61;5;26,28
3201;373;32;1;
3202;102;61;2;
3203;364;52;3;
3204;401;21;3;
3205;174;41;1;
3206;39;35;1;26
3207;499;23;5;7,11
3208;433;25;4;13
3209;0;14;5;7,13
3210;412;27;1;
3211;67;36;2;15,18,29
3212;177;69;2;11,63,66
3213;434;10;4;5
3214;129;11;3;1,10
3215;389;23;5;11
3216;113;11;3;
3217;186;18;2;
3218;105;11;4;3,5,8
3219;366;28;4;8,17,20
3220;95;14;2;2,4,8
3221;224;51;4;10,12
3222;466;45;2;19,31
3223;429;69;4;46,62
3224;363;43;4;16,36
3225;2;68;4;
3226;475;49;3;44
3227;8;48;1;20,40
3228;427;10;2;2,3
3229;376;24;1;1,20
3230;111;10;4;1,5,8
3231;276;33;4;27
3232;101;28;2;5,9
3233;134;34;4;17,22
3234;168;31;3;23
3235;189;22;2;17
3236;169;41;5;6,19,27
3237;173;14;5;5
3238;232;10;2;3,6,9
3239;166;19;3;16
3240;128;63;2;46,60
3241;114;23;1;
3242;285;42;5;33
3243;110;20;1;
3244;54;62;2;
3245;488;53;2;16
3246;367;50;5;
3247;376;17;4;2,9
3248;418;19;5;4,11,12
3249;207;15;5;6
3250;259;11;5;
3251;145;38;4;
3252;234;66;4;1,35
3253;79;65;4;5,52
3254;220;27;4;9,14
3255;38;52;2;
3256;204;20;1;10,12
3257;126;47;1;14,23
3258;30;47;3;9,41
3259;100;31;1;3,29
3260;201;55;3;1
3261;225;39;3;15,16
3262;492;65;2;
3263;220;63;1;17,38
3264;119;34;1;9
3265;350;28;3;12
3266;170;24;4;22
3267;146;56;5;
3268;143;63;1;30
3269;313;42;1;41
3270;301;59;4;
3271;276;41;3;
3272;45;58;1;
3273;189;23;4;7,11,15
3274;464;40;4;5,39
3275;470;55;2;7
3276;450;41;3;10,33,34
3277;396;24;4;2,7,20
3278;146;55;2;26,30,36
3279;151;15;5;
3280;299;13;5;4,5
3281;270;55;5;32,40
3282;248;66;1;
3283;490;52;2;1,34,47
3284;284;34;3;
3285;102;39;1;13,33,37
3286;495;10;5;1,7
3287;482;33;3;
3288;472;12;5;4,5,6
3289;462;42;4;
3290;126;36;4;1,3,16
3291;135;10;3;2,6
3292;170;20;2;8,17
3293;471;43;5;5,15,16
3294;270;39;3;2,28
3295;284;63;1;29
3296;61;55;3;14
3297;473;40;5;34
3298;320;36;5;21,29
3299;325;41;3;7,31,34
3300;413;14;2;1,5,9
3301;175;30;4;
3302;239;11;3;1,3,7
3303;429;13;5;3
3304;23;32;2;19
3305;16;59;3;30
3306;333;23;1;7
3307;211;40;5;24,33
3308;244;18;5;6,7,12
3309;231;62;1;32
3310;312;46;1;
3311;175;33;1;3
3312;153;14;2;3,5,13
3313;241;15;3;
3314;283;28;5;
3315;21;64;1;
3316;384;52;3;4,40,51
3317;281;32;5;3,24,28
3318;67;44;4;3
3319;37;61;3;7,32,41
3320;278;14;2;5,9,11
3321;202;19;5;13
3322;429;12;2;11
3323;151;14;3;
3324;91;45;2;28,31
3325;308;33;5;7
3326;343;55;1;1,36,40
3327;487;55;2;30,46
3328;430;36;4;4
3329;419;23;1;
3330;315;57;5;32,45
3331;37;61;3;19,43,47
3332;31;15;1;
3333;174;19;1;1,5,14
3334;130;37;4;26
3335;480;24;2;1
3336;458;25;2;
3337;301;64;2;
3338;343;47;3;4,5,25
3339;278;41;5;
3340;378;51;3;
3341;27;47;3;
3342;83;44;2;28
3343;376;69;4;41
3344;357;49;2;
3345;390;16;2;7,11
3346;235;26;3;14
3347;382;44;3;10,11,23
3348;184;33;2;26
3349;76;51;4;1,25
3350;167;41;5;
3351;65;47;2;19,31
3352;47;20;3;12
3353;383;25;1;14,15,23
3354;182;10;4;2,5,8
3355;39;42;4;
3356;218;60;1;52,55
3357;250;33;1;18
3358;479;12;3;2
3359;378;30;4;1,4
3360;414;64;2;50
3361;68;20;2;1,7
3362;150;42;2;5,40
3363;470;54;3;
3364;498;67;4;6,32,64
3365;265;68;4;60
3366;9;45;1;8,40
3367;118;28;1;3,10,26
3368;109;30;1;14,25
3369;294;39;1;
3370;272;68;3;19
3371;75;61;1;50
3372;94;18;4;
3373;15;51;2;41
3374;173;20;4;8
3375;61;40;4;32
3376;380;13;4;
3377;119;52;3;25,34,46
3378;496;53;3;
3379;207;15;5;10
3380;391;28;2;3
3381;271;57;1;13,36,46
3382;346;25;2;
3383;430;25;4;4,9,14
3384;403;49;1;17,21,40
3385;420;68;2;9,16
3386;473;10;2;
3387;111;22;5;19
3388;122;45;3;
3389;80;43;4;28
3390;383;26;1;5,18,22
3391;343;22;5;4
3392;441;10;3;5,8
3393;381;55;5;
3394;283;50;3;15,20
3395;366;55;5;
3396;321;67;5;5,35,62
3397;207;33;3;24
3398;101;45;2;28,31
3399;142;55;4;12,18,46
3400;419;61;4;
3401;12;24;4;12
3402;304;34;5;27,30,33
3403;368;70;3;40
3404;72;37;5;2,13
3405;480;41;2;2,4
3406;196;31;4;1,5
3407;480;22;1;
3408;440;69;5;49,63
3409;213;53;1;
3410;177;54;3;
3411;131;14;3;11
3412;288;52;4;4
3413;393;24;3;3,5,15
3414;483;50;4;14,24,49
3415;236;58;2;24,44
3416;236;31;5;
3417;324;68;4;14,37
3418;55;64;5;
3419;325;49;4;35
3420;193;19;5;
3421;436;24;4;1,16,19
3422;32;41;3;19,37
3423;218;35;4;
3424;433;12;4;2
3425;346;21;4;
3426;285;49;3;11,13,25
3427;80;20;5;1,3,5
3428;74;36;5;2
3429;235;61;1;1,32,41
3430;160;69;3;
3431;103;39;4;8,15,28
3432;66;56;3;29,33
3433;325;55;3;17
3434;132;32;2;4,15
3435;363;33;3;2,4,17
3436;473;46;3;
3437;293;50;3;14,16,28
3438;5;15;1;4,6,10
3439;256;39;2;
3440;490;61;4;
3441;24;32;2;
3442;303;40;3;3,5
3443;433;46;5;
3444;395;24;1;15
3445;206;26;1;4,6,14
3446;441;69;3;51
3447;345;66;5;7,15,51
3448;442;37;2;1,23,27
3449;55;37;4;29
3450;92;34;5;12,18,22
3451;42;48;1;
3452;281;35;3;16,33
3453;70;47;1;
3454;353;52;2;23,40,49
3455;193;57;3;15,40,55
3456;312;57;1;
3457;225;45;1;21,35
3458;283;10;3;2,5,7
3459;64;32;5;3,14,19
3460;274;59;5;44,53
3461;490;12;3;5,9,10
3462;63;36;2;3,35
3463;136;45;5;
3464;445;46;2;32,40,42
3465;418;43;1;19,23,42
3466;143;32;1;4,20
3467;99;24;5;14,20,23
3468;55;60;5;7,43
3469;218;45;2;44
3470;169;58;4;20,53,57
3471;408;15;2;11
3472;398;18;5;2,9,17
3473;352;56;2;23
3474;220;16;2;2,4
3475;331;13;2;6
3476;391;43;2;7,26
3477;465;41;5;
3478;278;19;2;11
3479;38;14;2;5
3480;62;39;5;2,7,36
3481;25;39;4;30
3482;61;51;5;22,43
3483;62;52;2;1,6,11
3484;74;70;4;30,31,36
3485;243;49;3;
3486;380;62;1;8,9,12
3487;212;69;5;38,65
3488;349;35;3;
3489;391;49;2;23
3490;171;69;1;1
3491;370;15;2;
3492;170;24;4;22
3493;362;68;4;8,21
3494;74;12;2;
3495;21;46;4;14
3496;111;64;5;
3497;67;70;2;
3498;478;19;1;
3499;181;21;5;6,8,17
3500;390;55;4;10
3501;462;12;3;4,9
3502;377;20;1;
3503;362;23;1;
3504;152;34;5;17,33
3505;210;41;4;29,38,40
3506;310;57;1;36
3507;142;52;3;8,37
3508;21;28;4;
3509;375;14;1;
3510;370;22;4;20
3511;162;20;1;4,9,15
3512;134;29;2;
3513;84;38;5;2,23,27
3514;157;37;5;
3515;498;17;2;13,15,16
3516;287;31;4;15,23
3517;133;30;3;14,24,29
3518;142;62;2;23
3519;431;22;4;1,2,16
3520;133;18;1;3,7
3521;447;61;4;
3522;46;12;1;
3523;370;48;2;20
3524;238;47;2;7,10
3525;407;27;3;6,26
3526;334;25;5;
3527;341;20;1;
3528;56;33;1;6,26,30
3529;323;37;4;2,24,32
3530;349;26;3;
3531;284;52;2;42
3532;119;48;1;27
3533;371;40;1;12,32
3534;242;17;3;2
3535;62;55;4;9,15,29
3536;105;38;5;15,30,31
3537;111;69;1;19,37,66
3538;424;12;5;
3539;28;41;3;31
3540;291;20;1;
3541;144;35;3;2,10,29
3542;261;28;5;21,23
3543;94;64;4;3,16,29
3544;254;10;4;5
3545;184;35;2;22,28
3546;349;21;1;10,20
3547;324;45;2;33
3548;4;40;5;15,26,29
3549;236;12;1;
3550;211;37;3;15,16,26
3551;3;16;1;
3552;378;31;3;19,20
3553;168;55;3;8,12,26
3554;129;20;2;14,15,18
3555;266;58;4;
3556;356;28;4;
3557;272;20;4;2,14,15
3558;331;65;2;54
3559;18;48;3;4,24
3560;63;53;2;7,23,40
3561;266;46;3;
3562;190;54;3;26,40,43
3563;468;31;2;17
3564;402;52;1;17
3565;151;27;5;11,26
3566;258;31;3;2,11,22
3567;111;18;1;5
3568;178;35;4;
3569;430;67;3;65
3570;49;52;2;
3571;321;53;2;19
3572;116;29;5;8,20
3573;268;70;5;
3574;187;62;2;35
3575;407;30;1;5
3576;322;49;2;
3577;80;62;2;31,60
3578;121;67;3;10,56
3579;473;67;1;19,45,61
3580;369;17;5;1,2
3581;195;55;1;43,48
3582;348;65;1;23,26,54
3583;53;50;1;10
3584;277;67;1;61
3585;96;28;2;
3586;272;52;1;17
3587;306;17;4;
3588;167;38;2;30
3589;474;52;3;12,20,43
3590;220;40;4;5,34
3591;285;30;4;17,18,20
3592;112;68;1;28,52
3593;355;35;5;5
3594;289;51;5;
3595;304;58;2;1,32,37
3596;40;70;2;
3597;193;26;3;11,17
3598;308;41;5;8,33
3599;60;24;4;16
3600;71;49;3;38
3601;179;25;2;3
3602;59;39;1;16
3603;85;69;3;
3604;317;26;4;13
3605;146;46;5;
3606;210;32;4;10
3607;77;33;3;
3608;454;48;4;3
3609;355;37;5;32,33,35
3610;29;27;3;6,23
3611;192;30;3;11
3612;154;53;3;9,49
3613;345;44;4;21
3614;432;29;1;7,19,28
3615;190;25;5;8,23
3616;461;51;3;6,25
3617;487;47;2;13,15,18
3618;312;63;2;18,48,51
3619;334;20;3;18
3620;458;58;4;22
3621;89;15;2;11,14
3622;298;53;3;
3623;13;14;4;5,8,9
3624;168;28;3;
3625;226;42;3;
3626;1;62;2;23
3627;226;28;5;9
3628;475;50;4;
3629;46;38;1;18,30,36
3630;83;40;3;13
3631;458;27;1;2,5,22
3632;51;67;3;47,52,57
3633;40;34;4;7,8,29
3634;102;57;3;
3635;464;54;5;30
3636;254;63;4;
3637;295;60;5;21,44
3638;329;23;5;10,16
3639;98;29;5;
3640;215;18;3;11
3641;69;22;1;
3642;114;34;4;5,11,26
3643;45;32;4;13,16,24
3644;414;61;4;3
3645;437;57;2;
3646;334;27;3;5,18,22
3647;445;24;1;12,16,22
3648;160;53;4;
3649;195;13;3;
3650;85;26;2;20
3651;146;44;4;8,14,15
3652;222;36;4;8,28,33
3653;321;50;2;40
3654;318;65;4;4,34,47
3655;43;26;2;7,18
3656;208;48;4;3
3657;49;27;2;5,20,22
3658;273;46;4;29
3659;194;16;5;5
3660;29;55;5;
3661;83;42;5;18
3662;227;66;1;59
3663;316;45;4;12,31
3664;439;30;2;
3665;116;33;4;9
3666;396;36;4;
3667;471;62;5;
3668;272;12;1;
3669;230;47;2;
3670;70;35;3;18,25,32
3671;110;30;3;
3672;22;16;3;7,15
3673;395;34;5;6
3674;251;60;3;
3675;163;23;1;1,14,17
3676;409;56;2;11,54
3677;230;35;4;11
3678;279;49;4;6,43
3679;405;37;1;5,17,24
3680;114;58;4;7,38,42
3681;155;23;2;16,17
3682;370;45;5;4,29,38
3683;456;45;4;42
3684;151;46;4;20,22,39
3685;474;58;2;22,55
3686;320;33;4;4
3687;258;37;2;17
3688;208;64;5;17,30,61
3689;130;14;4;5
3690;380;42;1;32
3691;480;67;5;31,39
3692;200;41;2;
3693;134;35;5;
3694;401;53;4;
3695;391;29;2;13,14,20
3696;398;30;5;16,25
3697;4;19;5;4
3698;113;23;3;
3699;216;55;1;5,22
3700;116;61;3;
3701;251;10;4;7,8,9
3702;144;66;3;8,25,51
3703;394;12;2;2,11
3704;457;13;5;8
3705;49;59;2;22
3706;307;15;5;3,11
3707;499;28;5;4
3708;291;58;4;8
3709;215;19;3;17
3710;290;38;4;
3711;85;25;1;
3712;363;54;2;10,28
3713;40;36;2;17,28
3714;448;39;3;33
3715;202;70;4;69
3716;216;60;2;49
3717;348;15;2;5,7,10
3718;398;14;5;3,4,7
3719;365;44;3;5
3720;496;50;5;22
3721;475;57;3;55
3722;306;50;1;7,16,36
3723;46;54;5;7
3724;499;14;1;3,7,9
3725;29;37;3;
3726;346;51;5;34,48
3727;496;70;2;36
3728;463;23;2;6
3729;472;16;3;3
3730;36;21;5;12
3731;405;53;5;
3732;242;39;3;13,16,31
3733;162;30;1;
3734;84;39;5;6,36
3735;141;43;1;
3736;151;10;3;4
3737;118;14;2;3,4,7
3738;282;13;4;2,7,11
3739;425;59;2;5,46,57
3740;490;37;2;2,19,30
3741;203;42;1;
3742;43;55;4;1,14
3743;410;39;3;18,34
3744;207;21;5;3
3745;380;11;1;
3746;126;31;2;16,29
3747;384;31;1;26
3748;349;11;1;
3749;247;36;3;8,19
3750;133;21;1;20
3751;3;10;4;3,4,5
3752;102;10;4;1,2,7
3753;147;28;4;9,22,25
3754;193;39;4;20,21,37
3755;300;31;1;3,18,25
3756;116;54;1;25,45
3757;452;34;4;32,33
3758;168;20;3;1,16
3759;462;38;3;16
3760;250;21;1;
3761;362;60;2;5,27,58
3762;140;35;1;14,27,34
3763;444;11;3;6
3764;166;38;4;27,29,35
3765;297;39;5;
3766;280;48;4;19,27
3767;440;56;1;
3768;445;44;5;
3769;448;19;2;5,16
3770;67;64;5;43,48
3771;251;48;1;13,21
3772;160;47;3;22,23,44
3773;395;62;4;2,15,47
3774;372;54;3;26,43
3775;151;60;5;
3776;460;57;1;25,33
3777;447;68;5;
3778;187;22;4;9,11,21
3779;257;65;2;
3780;96;31;2;13,14,28
3781;443;44;2;11,41
3782;223;49;2;
3783;179;34;1;6,32
3784;101;19;1;7
3785;86;46;4;9
3786;395;17;4;5,16
3787;61;52;2;
3788;356;49;1;16
3789;147;28;5;10,15,27
3790;304;10;4;5
3791;428;68;1;
3792;367;16;1;
3793;496;15;4;
3794;458;15;1;9
3795;266;53;2;11
3796;6;36;5;13,33,34
3797;424;50;1;26,27,45
3798;115;53;4;
3799;100;61;2;9,17
3800;319;30;3;20,24
3801;152;19;1;16
3802;112;18;1;6,14,16
3803;110;14;2;
3804;226;18;4;7,16
3805;179;62;2;17,56,58
3806;410;33;2;11,26,29
3807;381;12;5;2
3808;236;32;2;13,25,30
3809;181;64;5;6
3810;175;50;4;24,33
3811;423;26;4;
3812;301;62;1;10,55
3813;396;10;5;3,9
3814;403;18;1;4,5
3815;472;26;5;
3816;299;45;1;6,10,42
3817;49;14;3;
3818;444;29;4;4,18,28
3819;473;64;2;48
3820;127;47;2;
3821;496;13;4;
3822;121;17;4;2,6
3823;217;25;1;11,24
3824;286;33;2;8,28
3825;303;17;3;9
3826;447;18;4;4,15,17
3827;155;58;5;13,41
3828;234;37;2;35,36
3829;116;34;3;12
3830;405;30;5;12,18
3831;316;66;4;21,42
3832;459;24;3;
3833;416;68;1;
3834;461;46;5;18,26
3835;262;43;1;32
3836;445;38;2;
3837;280;48;5;19,42,43
3838;356;62;4;55
3839;241;57;2;20,29
3840;328;63;3;34
3841;162;28;5;5,8,18
3842;453;11;3;2,7
3843;382;58;4;
3844;349;50;5;17,27,29
3845;83;27;2;7,10
3846;335;50;2;
3847;333;61;3;4,15,38
3848;119;25;3;
3849;449;12;3;1
3850;27;10;3;7,9
3851;325;65;3;
3852;100;37;1;11,17,35
3853;110;17;1;14
3854;277;24;3;15,16
3855;399;37;4;23
3856;94;56;5;5,53
3857;497;54;1;30,41,52
3858;250;27;5;
3859;62;11;2;
3860;298;37;1;1,2,7
3861;453;21;3;
3862;134;61;5;60
3863;199;34;2;1,13,27
3864;305;38;3;
3865;197;43;4;11
3866;117;54;4;
3867;277;62;4;26,34
3868;477;52;1;11,47
3869;316;14;4;
3870;15;57;4;16,39
3871;96;40;4;
3872;207;11;1;
3873;472;57;3;49
3874;484;10;4;4,8,9
3875;143;45;3;9,20,35
3876;265;51;5;
3877;286;49;2;4
3878;448;36;3;
3879;159;21;3;
3880;143;13;3;3,6,10
3881;408;36;2;25
3882;386;36;5;9,12,27
3883;203;59;5;18
3884;201;33;1;18
3885;264;35;2;17,31
3886;424;60;1;47,55
3887;300;55;4;23
3888;410;38;1;
3889;205;68;3;18,30,55
3890;349;21;1;17
3891;359;30;3;4,6,29
3892;203;40;3;22,31,32
3893;233;35;1;11,21
3894;5;43;2;2,13,20
3895;145;43;1;25
3896;218;47;1;7,35,41
3897;305;40;1;15,23
3898;83;13;3;6,7,9
3899;184;56;3;
3900;258;46;1;
3901;53;36;1;15,26,33
3902;332;19;1;7
3903;271;66;2;42,47
3904;350;28;3;
3905;111;48;1;11,47
3906;495;28;4;10
3907;305;19;3;2,3
3908;366;27;2;
3909;462;57;2;30,51
3910;458;52;3;
3911;497;19;3;13
3912;36;35;3;23,29,33
3913;113;29;5;9,22
3914;333;37;1;5,10
3915;391;35;1;23
3916;499;54;5;10,24,40
3917;360;13;1;
3918;198;29;3;15
3919;413;38;2;
3920;163;48;1;2,27
3921;190;21;3;1,15
3922;346;30;5;6,27
3923;222;53;3;
3924;174;16;3;13,15
3925;37;11;4;5
3926;417;30;1;5,10,22
3927;463;24;5;5,10
3928;43;39;1;26
3929;172;41;4;29
3930;166;64;4;14,21,44
3931;42;64;5;
3932;123;36;4;4,5
3933;232;27;4;
3934;218;14;5;1,8,13
3935;475;52;2;51
3936;192;65;3;35,49
3937;207;37;5;5,30
3938;211;28;4;17
3939;466;31;5;18
3940;37;13;2;4,6
3941;171;65;2;25
3942;110;24;5;18,19,22
3943;351;34;5;13,17,18
3944;44;56;5;21
3945;9;68;4;5,51
3946;113;21;3;4,14
3947;98;27;2;2,25
3948;29;36;5;14
3949;299;25;5;1,21
3950;490;42;5;16,24,40
3951;215;18;2;2,11
3952;120;44;4;
3953;235;29;3;20,26
3954;185;49;2;18,37
3955;492;20;2;2
3956;339;41;5;38
3957;490;22;1;
3958;489;42;4;6,8,16
3959;60;52;4;11,47
3960;485;12;4;4
3961;277;33;2;20,27
3962;297;45;3;10,17
3963;146;14;4;2,6,13
3964;345;36;5;12,13
3965;324;21;4;8,20
3966;291;28;2;
3967;439;47;2;18,32,41
3968;144;56;3;
3969;240;67;5;
3970;238;49;4;
3971;305;27;3;
3972;355;32;4;
3973;98;33;5;25
3974;108;16;3;11,14
3975;96;57;1;43,54
3976;157;49;4;24,34,35
3977;376;58;1;31
3978;111;57;2;6,33
3979;369;70;3;1,12,14
3980;324;69;3;25
3981;395;64;4;
3982;217;22;1;2,7,21
3983;308;21;1;1,5,12
3984;287;66;3;29,64
3985;305;42;4;
3986;215;10;3;8
3987;118;54;5;
3988;46;23;2;17,19
3989;446;11;2;1,4,7
3990;127;59;1;19
3991;179;16;4;5
3992;68;39;2;24,25,38
3993;392;28;4;16,26
3994;355;64;4;12,19,62
3995;428;13;4;1,7
3996;42;50;3;2,13
3997;377;51;4;19,30,45
3998;343;57;3;15,18,37
3999;80;51;1;7,22,44
4000;65;26;3;10
4001;369;66;4;16,35,62
4002;318;15;2;
4003;293;19;5;
4004;170;38;3;17,20
4005;170;67;4;1,24
4006;441;48;3;25
4007;363;26;2;
4008;415;25;1;20
4009;288;51;5;1,46
4010;331;42;5;24
4011;442;49;1;
4012;224;21;3;14,20
4013;370;41;3;7,14,18
4014;171;12;1;
4015;482;13;2;3
4016;416;10;3;7,8
4017;496;45;1;18
4018;5;39;1;37
4019;57;62;1;17
4020;12;49;4;
4021;71;46;4;
4022;276;57;4;12,26,46
4023;79;67;4;40
4024;152;36;5;
4025;475;43;1;
4026;304;66;5;31
4027;276;54;4;7,14
4028;330;23;1;
4029;50;30;5;24,27,28
4030;353;30;2;
4031;397;53;4;5,9
4032;465;22;1;4,10
4033;100;61;4;40
4034;66;50;5;15,18
4035;102;59;5;29
4036;317;26;4;
4037;227;57;1;45
4038;12;34;1;5
4039;35;44;2;25
4040;321;52;3;30,38
4041;254;68;1;50
4042;40;37;5;15,17,26
4043;424;46;3;19,35
4044;474;45;2;24
4045;301;40;5;13,23,24
4046;371;35;3;
4047;426;24;3;12,20
4048;461;55;3;50
4049;30;47;4;21,36
4050;182;62;4;44,47
4051;115;59;2;14,28,49
4052;87;13;1;
4053;10;59;3;31
4054;345;60;2;7,25
4055;363;52;2;19,42
4056;267;20;1;4,18
4057;254;45;5;43
4058;371;11;3;
4059;282;38;5;
4060;120;47;1;28,45
4061;121;31;4;16
4062;286;68;2;66
4063;298;35;5;
4064;124;68;3;57
4065;7;42;2;8,21,35
4066;492;62;5;
4067;139;54;2;
4068;120;13;1;10
4069;146;28;1;18,19,22
4070;57;64;3;40,58
4071;48;64;5;34
4072;117;25;2;
4073;298;67;5;
4074;395;45;5;2,22,27
4075;378;29;5;
4076;424;58;2;34,41,57
4077;269;24;1;1,17
4078;43;70;4;7,27,35
4079;235;17;4;4
4080;488;48;3;2,14,32
4081;381;33;3;
4082;330;66;2;3,43,45
4083;116;29;4;
4084;428;52;2;4,33,41
4085;398;37;1;27,34
4086;240;51;4;34
4087;301;64;1;23,41,60
4088;248;46;4;5
4089;45;26;4;12
4090;407;11;4;1,2
4091;12;50;4;24,26,49
4092;348;59;3;17
4093;34;34;3;19
4094;492;34;4;5,13,32
4095;331;45;5;2,20
4096;401;36;5;1,9,13
4097;400;68;4;
4098;97;36;2;17,26,31
4099;349;41;4;
4100;47;19;1;7,18
4101;330;33;2;10,21,28
4102;413;32;2;16
4103;117;37;5;6,11,14
4104;80;50;5;
4105;248;27;1;6,23
4106;459;70;4;50,63,68
4107;77;21;1;
4108;244;35;3;32
4109;352;49;2;13,30
4110;429;36;4;4,17,27
4111;345;55;1;26
4112;269;18;5;15
4113;82;12;2;
4114;212;20;1;
4115;131;50;3;
4116;281;46;2;7
4117;193;57;3;19,23,30
4118;91;68;3;35,41
4119;69;55;4;16
4120;250;12;2;5,9
4121;409;50;3;3,26,46
4122;41;60;1;2,30,41
4123;223;41;1;37,39
4124;113;36;3;
4125;431;62;2;
4126;480;12;2;11
4127;223;64;4;32,50,51
4128;209;26;1;16
4129;126;56;4;22,28,52
4130;413;52;2;10
4131;193;40;1;11
4132;125;61;5;8,23
4133;292;22;2;
4134;161;23;4;5
4135;469;55;3;
4136;320;40;1;
4137;84;12;1;2
4138;34;23;2;1,2,16
4139;472;44;5;35
4140;411;54;5;
4141;207;45;2;13,39,43
4142;363;37;3;21
4143;16;58;4;7,54
4144;377;25;3;
4145;258;10;4;1,7,9
4146;75;41;5;7,33
4147;121;55;2;
4148;43;38;5;6,20,27
4149;104;25;3;13
4150;402;39;1;5
4151;222;70;5;
4152;252;10;4;
4153;339;47;2;2,6,8
4154;331;19;3;9,11,14
4155;273;45;2;2,20,40
4156;325;22;2;3,9
4157;392;45;4;25
4158;172;60;1;8,13,50
4159;437;24;1;9
4160;292;36;2;
4161;125;65;5;35,54,62
4162;126;68;1;
4163;146;11;1;
4164;457;66;3;7,33
4165;380;37;3;28
4166;74;65;3;3,39,63
4167;29;44;4;2,7
4168;222;34;3;1,6,18
4169;176;49;1;6
4170;304;63;5;
4171;327;59;3;29,42,56
4172;55;67;5;
4173;497;29;2;
4174;99;61;3;
4175;129;67;1;40
4176;41;29;1;2,13
4177;238;43;4;32,40
4178;454;61;3;
4179;153;10;3;3,6
4180;316;61;3;31,50
4181;332;34;3;
4182;319;61;1;6,19,21
4183;87;58;3;16,43
4184;275;64;1;30
4185;469;64;4;33,46
4186;380;31;4;6,24
4187;208;57;1;7
4188;321;68;4;30,31,45
4189;382;63;5;38,60
4190;274;53;2;
4191;184;52;3;28
4192;176;45;5;2,10,22
4193;32;50;1;1
4194;359;52;4;2,40
4195;133;68;3;
4196;116;65;2;
4197;46;31;5;2,29
4198;163;49;4;17
4199;52;45;4;3,26
4200;70;54;4;5,6
4201;281;33;5;12,32
4202;298;60;2;13
4203;229;15;1;2,4,13
4204;125;40;1;5,22,37
4205;250;52;1;
4206;382;46;2;10,13,31
4207;442;26;2;3
4208;373;63;1;
4209;58;10;1;
4210;86;34;2;11,17
4211;352;47;2;
4212;476;55;2;
4213;436;66;2;33
4214;318;11;4;2
4215;379;36;2;
4216;186;32;2;12
4217;372;11;1;3,4
4218;34;70;2;16,19,42
4219;499;55;4;
4220;322;11;5;9
4221;309;38;4;14,20,24
4222;448;15;3;9
4223;101;63;5;45
4224;236;40;5;5,16,28
4225;212;22;4;1
4226;9;46;3;19,28
4227;265;63;1;25,48,51
4228;308;45;4;16,40
4229;109;27;1;7,15,19
4230;337;40;1;24
4231;248;48;3;30,43,45
4232;487;29;5;5,9
4233;256;66;5;5,13
4234;472;46;1;25
4235;89;24;2;5,14
4236;91;33;1;20
4237;137;18;1;6,9,16
4238;489;24;4;
4239;351;14;1;7
4240;392;26;3;12,18
4241;104;54;1;
4242;336;51;1;2,20
4243;398;67;1;
4244;453;16;2;1
4245;482;26;5;
4246;55;29;2;11
4247;447;60;5;23,39,57
4248;126;11;4;2,9
4249;161;39;5;29,36
4250;35;64;4;22,45,60
4251;465;10;3;5,9
4252;43;52;5;
4253;391;26;2;2,7,9
4254;409;59;5;17,27,57
4255;326;61;2;3,6,40
4256;123;67;2;
4257;312;29;4;13
4258;416;60;2;
4259;117;64;4;32,48
4260;440;25;5;24
4261;137;41;5;6
4262;459;12;2;5
4263;439;47;5;8,12,42
4264;130;52;3;6,40,47
4265;362;31;4;
4266;446;69;4;39,45,63
4267;77;23;1;9
4268;497;54;3;33,42,49
4269;218;12;4;
4270;434;17;3;7
4271;199;62;3;19,21,55
4272;102;15;4;7,12
4273;313;52;1;45,47
4274;452;10;4;1,3,5
4275;425;67;2;58
4276;466;59;4;45,54
4277;275;52;4;26
4278;28;63;5;11
4279;176;14;4;8
4280;227;17;3;
4281;399;49;1;
4282;267;53;2;22,24,27
4283;304;67;4;6
4284;153;54;3;36,40,41
4285;244;59;2;2,49,51
4286;478;62;3;17,56
4287;307;69;3;3,15,68
4288;120;25;1;
4289;255;46;4;16
4290;462;35;5;3
4291;497;54;3;
4292;427;48;1;5,11,23
4293;388;44;2;1,18
4294;45;25;5;12,20
4295;326;19;4;9
4296;306;29;3;1,28
4297;37;20;2;10,12
4298;488;13;5;1,11
4299;426;15;3;
4300;311;44;1;18
4301;74;33;5;12
4302;99;45;1;
4303;468;42;2;1,5,15
4304;430;48;5;45
4305;316;32;4;20
4306;132;43;4;23,33
4307;323;42;3;
4308;317;25;1;12,13
4309;213;38;4;26
4310;5;55;2;
4311;109;42;2;
4312;319;16;1;1,2,7
4313;166;24;4;
4314;344;38;3;20
4315;397;14;5;2,5
4316;137;14;1;3,10,12
4317;269;12;3;7,8,9
4318;81;38;5;
4319;287;64;5;28,43,51
4320;376;28;1;6,18,26
4321;281;20;5;1
4322;245;27;4;1
4323;29;27;5;10,14
4324;153;35;2;30
4325;71;17;1;2,14,15
4326;55;50;3;
4327;473;25;1;2,23
4328;255;68;5;16,54,61
4329;297;12;1;9
4330;320;17;4;10,15,16
4331;64;44;4;26
4332;217;35;5;
4333;406;34;4;3,17,23
4334;370;56;1;28,47,48
4335;58;68;5;25,27
4336;464;40;4;3,19,31
4337;38;68;2;1
4338;32;25;3;13,18
4339;448;46;2;18
4340;19;59;1;
4341;460;14;3;6
4342;192;27;2;2,12,18
4343;440;59;1;33
4344;466;23;4;9
4345;423;59;2;20,54
4346;284;63;1;54
4347;131;42;1;28
4348;47;35;1;8,15
4349;158;47;3;1,13,14
4350;460;38;2;
4351;2;67;1;
4352;78;65;4;32,51
4353;26;60;2;23,31,48
4354;353;41;1;18,25,27
4355;252;48;2;16,41
4356;31;42;2;
4357;183;69;2;56
4358;338;57;4;15,20,41
4359;42;21;2;
4360;225;50;1;19
4361;412;50;2;34,43
4362;3;10;2;1,2
4363;212;11;5;2,9
4364;207;50;1;44
4365;191;37;4;9,14,23
4366;306;17;5;4,7
4367;111;29;1;24
4368;490;66;4;
4369;352;54;3;38
4370;161;60;5;14
4371;179;67;5;50,59,61
4372;225;36;3;
4373;180;62;5;13
4374;292;68;2;39,53
4375;197;52;4;29
4376;289;45;2;40
4377;12;13;3;1,5,10
4378;494;62;5;
4379;53;48;3;22,24
4380;120;29;3;2,5,13
4381;63;44;5;21
4382;445;23;3;7
4383;309;56;5;
4384;487;39;5;
4385;75;22;2;5,10,17
4386;235;34;3;
4387;447;15;4;8
4388;173;26;1;
4389;280;65;2;22,34,46
4390;396;30;3;9,26
4391;448;61;5;10,47
4392;97;53;1;
4393;387;14;1;1,7,8
4394;439;44;2;20,28,34
4395;349;50;1;3,11,20
4396;394;30;2;18
4397;393;51;4;7,12
4398;77;27;1;10
4399;421;19;4;7
4400;303;58;1;1
4401;340;60;1;12,42
4402;242;13;3;
4403;81;22;3;4,15,17
4404;465;29;2;11,17,19
4405;402;59;3;18,32,41
4406;32;29;2;4,9,27
4407;130;11;5;1,2,9
4408;497;20;5;2,10
4409;427;16;5;9
4410;138;48;3;20
4411;325;16;1;
4412;219;44;5;7,23
4413;47;22;3;8,15
4414;399;56;1;47
4415;272;16;3;
4416;397;11;1;9
4417;13;25;5;13,16
4418;360;50;1;
4419;8;15;1;3
4420;312;40;1;10
4421;150;21;1;2,20
4422;190;15;5;7,13
4423;314;33;1;17
4424;111;70;5;21
4425;289;40;1;2,29,35
4426;435;16;5;6,8
4427;108;37;2;
4428;161;49;3;30
4429;46;23;2;6,14,22
4430;426;55;1;7,17
4431;191;52;5;5,6,49
4432;297;45;1;22,35,42
4433;469;31;5;6,11
4434;337;64;2;
4435;36;67;4;1,50,54
4436;13;44;1;32
4437;352;38;1;2
4438;77;58;4;
4439;17;63;4;
4440;92;63;4;6,10,36
4441;82;52;3;37
4442;394;57;3;2,38,39
4443;412;27;5;18
4444;483;34;1;13,23,24
4445;25;41;1;40
4446;292;14;3;6,9,12
4447;386;37;3;8,12
4448;245;66;4;2,5
4449;0;50;2;15,33,36
4450;313;13;5;
4451;317;30;4;2,4
4452;33;12;4;4,5,10
4453;362;69;2;2,22,27
4454;180;27;1;
4455;397;64;1;37,41,57
4456;489;11;4;3,4,5
4457;416;27;2;16,20
4458;71;40;4;9,25,33
4459;99;70;5;10,14,27
4460;138;10;1;
4461;467;57;3;6,44
4462;129;58;2;17
4463;0;39;2;8,21,26
4464;111;38;4;1,17
4465;57;23;5;11,18
4466;65;43;4;29,33
4467;286;55;1;42,51
4468;44;61;5;40
4469;251;54;2;42
4470;343;23;1;18
4471;488;55;1;
4472;72;70;4;67
4473;192;70;1;18,44
4474;259;15;2;8
4475;318;57;3;2
4476;8;12;3;3,8,11
4477;343;56;2;44
4478;323;52;5;36
4479;218;20;3;14
4480;130;23;4;
4481;323;19;3;10,16,17
4482;481;50;1;
4483;183;29;2;6,28
4484;439;52;2;
4485;469;37;3;13,29
4486;440;62;5;1,41
4487;461;68;1;47
4488;408;66;3;23,24,55
4489;5;51;5;
4490;247;10;5;
4491;254;22;3;7,8
4492;259;44;3;4,6
4493;91;67;5;18
4494;259;22;4;
4495;153;10;2;2,8,9
4496;119;12;5;5
4497;314;57;3;
4498;486;48;4;10,38,45
4499;454;67;4;2,37
4500;329;48;5;
4501;213;18;4;
4502;324;57;2;14
4503;112;40;1;9,12
4504;453;46;4;2,25
4505;118;27;3;
4506;368;37;2;12
4507;87;54;1;19,36,42
4508;420;16;5;1,8
4509;40;66;4;39,50,51
4510;236;52;4;
4511;138;16;1;
4512;159;46;5;10,22,40
4513;366;68;2;
4514;304;36;4;
4515;225;70;1;35,49
4516;490;53;3;13,20,36
4517;403;57;2;6
4518;135;68;4;24,32,54
4519;474;64;5;17,19,54
4520;103;25;2;2,19,20
4521;7;13;2;6,12
4522;372;49;5;15,47
4523;58;15;2;
4524;190;20;5;
4525;5;56;1;
4526;61;31;4;
4527;60;51;1;47
4528;178;33;5;17,19,27
4529;113;16;2;9
4530;272;26;1;8
4531;471;58;5;
4532;15;69;5;5,14,34
4533;353;24;1;9,17
4534;272;12;2;3,7,9
4535;419;48;2;
4536;212;49;4;2,3,33
4537;281;15;2;10
4538;123;58;2;25,35
4539;120;65;1;4,21,42
4540;487;32;5;2,31
4541;165;34;2;
4542;4;55;3;
4543;206;28;3;1,20
4544;155;46;3;10,35
4545;384;57;5;12,28,33
4546;263;55;2;32
4547;215;29;3;13
4548;435;24;3;11
4549;207;53;2;
4550;80;13;4;1
4551;461;27;1;6,23,25
4552;203;13;2;
4553;301;69;4;12
4554;411;36;5;19,24
4555;420;22;4;7,16
4556;271;18;3;8,10
4557;322;62;3;14,22
4558;124;11;2;3
4559;484;63;4;5,51
4560;253;69;5;30,33,35
4561;117;37;3;
4562;362;35;5;3,16,27
4563;204;66;2;32,44,60
4564;183;13;3;1,7,10
4565;214;70;5;
4566;33;32;3;2
4567;469;52;3;24
4568;23;16;4;
4569;465;51;2;5
4570;198;67;5;61
4571;308;61;3;
4572;272;25;4;18
4573;99;14;3;
4574;361;55;3;
4575;225;11;3;9
4576;365;18;5;
4577;488;33;3;29
4578;269;29;1;1
4579;401;40;1;4,13
4580;88;39;4;13,18,32
4581;33;15;3;1
4582;220;16;3;3,5,14
4583;131;20;4;
4584;202;60;4;
4585;99;70;2;
4586;67;57;3;39
4587;148;50;4;20
4588;244;23;3;
4589;212;21;1;16,19
4590;208;46;2;8,13
4591;392;37;1;17,23
4592;322;10;3;
4593;51;64;2;53,57,61
4594;95;67;5;10,44,52
4595;485;45;3;
4596;359;11;4;2,7,8
4597;185;37;3;
4598;101;64;1;
4599;254;59;5;17,43
4600;400;70;4;2
4601;52;41;3;9,23,30
4602;402;10;3;1,6,8
4603;6;22;3;10,18
4604;477;14;4;4,5,10
4605;291;37;4;33
4606;52;16;2;3,14
4607;452;59;1;19,50
4608;197;14;3;
4609;471;70;3;32
4610;453;56;4;
4611;421;16;2;3,10
4612;333;70;1;20
4613;243;62;4;11,16,49
4614;190;27;1;
4615;19;56;1;9,20,42
4616;495;48;3;34
4617;175;38;3;15
4618;411;37;3;15,22,25
4619;82;58;2;1,2,37
4620;13;66;5;14,19,29
4621;94;12;3;
4622;93;37;2;
4623;262;13;1;5
4624;469;69;4;8
4625;237;27;5;11,17
4626;18;53;4;13,32
4627;102;68;1;30,58
4628;236;51;5;
4629;88;40;1;11,31
4630;43;42;5;
4631;233;27;3;7
4632;140;28;4;22,23,25
4633;126;57;3;1,19,51
4634;212;13;1;
4635;333;37;4;16
4636;2;51;4;1,27
4637;30;50;4;13
4638;252;55;1;23
4639;248;41;1;15
4640;216;49;2;40
4641;221;25;5;21
4642;476;69;2;
4643;120;27;1;
4644;424;21;1;4,20
4645;108;33;2;
4646;451;69;4;28
4647;206;34;4;
4648;185;31;2;4,8
4649;64;13;2;1,5
4650;463;56;3;17,53
4651;261;40;4;11
4652;127;23;2;10
4653;108;24;2;15,17
4654;176;28;2;3,6,20
4655;65;60;1;10,17,23
4656;180;33;4;23,27,29
4657;293;27;3;6
4658;99;67;5;
4659;191;38;1;24
4660;4;38;3;10,21,24
4661;207;65;3;31
4662;10;63;4;22
4663;114;68;4;
4664;420;53;1;12
4665;12;59;4;
4666;363;41;2;
4667;61;23;2;
4668;274;53;3;44
4669;331;36;5;6
4670;142;67;2;3
4671;492;63;1;
4672;363;30;5;3,10,27
4673;99;69;2;44,68
4674;330;42;5;33,39
4675;345;27;5;8,15,16
4676;191;29;4;8,25,26
4677;257;56;2;
4678;8;49;4;20,28,36
4679;303;15;3;
4680;53;11;1;
4681;247;29;5;
4682;449;57;1;4,28,50
4683;227;16;3;2,9,10
4684;143;51;4;42
4685;24;39;5;2,17
4686;1;22;5;
4687;6;30;4;5
4688;461;19;1;1,5,15
4689;76;64;1;17,43,48
4690;242;17;3;
4691;411;28;2;7
4692;223;68;4;
4693;85;37;5;29
4694;235;43;5;6,27,33
4695;246;34;3;
4696;20;49;3;6,44
4697;442;17;5;4,13
4698;470;39;4;37
4699;260;60;5;4,22,46
4700;190;60;2;
4701;447;43;4;33
4702;125;67;3;8,31,54
4703;6;45;4;6,10,27
4704;63;21;2;17,18
4705;205;24;1;17
4706;379;22;4;15
4707;136;69;2;
4708;326;25;2;11,23
4709;102;29;1;7,15,24
4710;76;45;3;26
4711;222;40;3;1,4,8
4712;387;54;2;2,45
4713;257;18;3;
4714;131;32;2;3,12,23
4715;126;26;2;23
4716;383;26;5;3,12
4717;364;44;1;37,41
4718;88;46;1;30
4719;219;16;4;10,15
4720;334;11;4;7
4721;70;56;1;55
4722;25;45;4;4,33,37
4723;233;53;2;6
4724;132;50;2;
4725;429;33;1;4
4726;141;10;1;2,3,4
4727;466;23;5;3,14,18
4728;44;40;2;22,32
4729;389;41;4;7,20,31
4730;464;11;3;10
4731;442;42;5;19,20,33
4732;378;50;3;17,49
4733;231;50;2;18,35
4734;237;55;5;34,52
4735;334;28;5;13,22
4736;370;46;2;26
4737;0;50;4;
4738;165;34;1;8,26
4739;499;63;4;1,12,51
4740;5;52;3;3,28
4741;215;15;5;2,12,13
4742;152;39;3;13,15,32
4743;317;45;3;36
4744;217;63;4;38,47
4745;131;34;4;
4746;408;26;5;5,6,8
4747;400;46;1;10,17,39
4748;269;56;4;20
4749;18;42;4;24,26
4750;178;30;4;26
4751;313;41;3;
4752;497;45;2;6,11,31
4753;58;59;2;10,50,51
4754;51;47;4;25
4755;285;59;1;3,39
4756;85;50;1;29,35,40
4757;193;49;1;1
4758;400;67;3;42,54
4759;418;66;1;
4760;105;10;5;2,8
4761;446;20;3;
4762;148;39;1;1,2,23
4763;244;55;1;26,35
4764;92;68;3;15,19
4765;221;43;5;
4766;378;18;4;16
4767;207;26;1;1
4768;205;20;4;
4769;239;67;4;
4770;454;56;3;
4771;339;19;5;4,7,12
4772;470;30;2;11,13,14
4773;455;52;3;7,49
4774;245;55;3;36
4775;408;23;5;7
4776;464;60;5;
4777;222;40;3;
4778;140;55;2;14,19
4779;145;63;1;27,53,54
4780;293;18;1;3,11
4781;270;31;1;23,27,28
4782;227;47;1;6,11
4783;415;27;3;7,18
4784;27;43;5;37,38
4785;303;43;2;4
4786;288;53;2;
4787;25;61;5;14,23
4788;96;17;4;
4789;342;50;2;
4790;137;61;5;12,37,53
4791;10;19;2;1
4792;257;62;4;25,44,50
4793;69;31;4;1,8
4794;284;34;1;
4795;382;60;4;29
4796;323;32;2;6,16,18
4797;27;46;3;12,25,41
4798;22;50;4;12,36,38
4799;221;56;1;
4800;61;45;1;25
4801;289;28;3;
4802;132;46;3;
4803;42;70;2;
4804;443;10;5;1,8
4805;462;50;1;
4806;267;15;2;2,3
4807;428;18;5;12,13,15
4808;481;14;4;
4809;167;58;2;14,38
4810;445;15;5;5,12
4811;233;32;3;
4812;262;37;2;1,16,23
4813;136;61;2;10,11
4814;318;66;3;19
4815;132;39;3;
4816;430;55;2;
4817;194;52;3;14,24,39
4818;5;28;3;
4819;128;26;4;10,19,20
4820;293;34;4;2,8,13
4821;315;58;3;16
4822;201;69;4;44,64
4823;276;67;3;
4824;371;33;4;
4825;270;15;1;5,9
4826;139;32;2;12
4827;307;58;4;
4828;388;46;5;2,18,38
4829;374;29;2;1,20,27
4830;113;54;2;25
4831;194;49;5;9,14
4832;184;47;5;23,25
4833;332;50;4;4,31
4834;392;10;1;4,5,8
4835;464;13;4;1,11
4836;231;56;1;9
4837;34;20;5;
4838;444;29;3;
4839;196;33;2;8,21,32
4840;359;55;5;18,20
4841;317;42;4;3
4842;86;48;2;19
4843;369;66;5;16,32,42
4844;481;28;2;
4845;125;40;2;
4846;332;49;3;22
4847;107;60;2;1,32,42
4848;432;65;5;
4849;105;58;1;
4850;476;33;5;
4851;44;57;4;
4852;345;35;5;
4853;256;67;2;8
4854;52;47;1;45
4855;95;35;5;15
4856;282;66;2;21,24,43
4857;49;65;4;2,7,50
4858;48;12;1;2
4859;401;53;1;18
4860;42;63;2;
4861;469;67;5;
4862;44;70;2;
4863;308;11;1;7,9
4864;349;13;3;6
4865;202;64;2;31,32,34
4866;217;55;5;17,29,35
4867;109;56;1;40
4868;373;44;4;
4869;293;53;4;
4870;381;31;5;9,15,25
4871;25;54;5;46,52
4872;30;51;5;32
4873;427;26;5;4,15,17
4874;432;68;5;35,43
4875;435;38;3;
4876;245;58;3;3,8,9
4877;4;62;3;15,21
4878;75;58;4;42,48,54
4879;460;25;1;8,21
4880;416;15;4;1,7
4881;13;68;2;
4882;199;70;2;
4883;227;68;1;16,59,62
4884;46;18;5;1
4885;494;10;4;3,5,8
4886;406;37;4;2,27
4887;184;32;1;4
4888;416;28;2;4,10,18
4889;201;41;5;2,30,38
4890;339;33;3;
4891;348;40;4;
4892;241;45;3;19,28,32
4893;304;45;3;9,29
4894;293;21;2;
4895;88;46;1;42
4896;90;21;2;13,17
4897;327;62;2;12,41
4898;41;66;2;
4899;181;17;1;5
4900;303;54;5;
4901;151;49;4;26,39
4902;454;70;3;
4903;17;60;1;21,44,46
4904;4;39;3;26
4905;5;27;3;1,10,12
4906;258;40;4;24,26
4907;307;42;5;13,41
4908;438;10;3;4
4909;85;47;5;
4910;129;39;4;1,5,23
4911;22;57;5;4,8,36
4912;85;35;4;
4913;236;22;3;14,20
4914;114;54;3;11,25
4915;270;41;1;14,31
4916;24;61;4;46
4917;492;69;3;18,38,54
4918;90;55;1;
4919;354;10;1;9
4920;117;47;1;23
4921;54;43;5;19
4922;328;55;4;12,52
4923;63;33;2;3,28
4924;62;30;3;22,24
4925;255;38;3;21,27,35
4926;17;49;4;
4927;153;53;5;46,49,51
4928;120;19;1;14
4929;255;12;4;5,6,11
4930;275;52;5;20,26,44
4931;152;54;4;
4932;161;66;3;7,31,62
4933;58;40;5;
4934;12;30;4;20,28
4935;128;37;3;13,19
4936;265;47;3;19,27,45
4937;181;57;5;36,56
4938;174;60;3;17,35
4939;239;62;3;
4940;307;16;3;
4941;269;39;3;
4942;138;19;5;
4943;198;45;2;11,13,31
4944;62;65;1;5
4945;75;18;5;5,9,16
4946;157;56;2;8,13,39
4947;479;68;5;22,37
4948;452;40;2;19
4949;1;20;5;13,18
4950;402;53;2;10
4951;158;57;2;
4952;344;16;2;2
4953;236;43;2;25,26,34
4954;80;35;2;33
4955;404;19;5;
4956;355;47;2;10,11
4957;437;19;4;4
4958;268;44;4;5,32
4959;283;16;3;
4960;2;27;3;16,24
4961;220;38;5;12
4962;145;57;1;
4963;0;49;5;
4964;85;28;4;12,17
4965;271;10;1;1,7,9
4966;238;47;3;11,44
4967;186;61;4;2,25
4968;383;59;1;46,56
4969;431;40;5;5,20,33
4970;338;59;2;10
4971;404;39;2;6,19,27
4972;376;63;5;20
4973;484;43;1;
4974;64;12;5;5,11
4975;327;19;1;3,13
4976;339;17;1;5,12
4977;252;39;3;18,33
4978;417;27;5;13,14,23
4979;174;38;4;2,34
4980;147;50;3;30,36
4981;398;40;5;30
4982;188;70;1;11,36
4983;252;33;4;
4984;370;58;1;27,45
4985;469;10;1;
4986;369;11;4;7
4987;335;52;2;
4988;191;11;4;
4989;445;21;5;1,16,18
4990;482;24;3;11
4991;241;59;3;50
4992;351;34;3;27
4993;340;46;4;20
4994;336;27;2;10,18,25
4995;113;63;2;1,29
4996;449;70;2;
4997;162;24;4;
4998;319;34;5;2,26,28
4999;290;15;1;
5000;474;53;3;4,49
5001;259;57;5;
5002;137;53;1;
5003;475;48;1;3,38
5004;472;48;1;
5005;74;51;1;48
5006;380;15;4;2,9,10
5007;265;40;4;7,37,39
5008;99;14;2;13
5009;26;51;3;26,32,33
5010;90;20;2;3,4,10
5011;344;43;5;3
5012;133;32;1;7,16
5013;441;39;2;
5014;179;34;4;28
5015;433;63;4;32
5016;363;62;3;
5017;322;61;1;25,58
5018;321;27;2;2
5019;388;52;3;16
5020;180;37;4;10,11,23
5021;365;59;5;6,25,36
5022;174;27;3;15
5023;109;27;4;18,20,23
5024;247;12;1;
5025;451;15;1;
5026;139;24;1;21
5027;148;67;1;8,17,30
5028;222;58;2;6,9
5029;312;37;1;13,14
5030;24;41;2;33
5031;152;67;2;11,17
5032;199;48;1;42,43
5033;36;25;1;3,4,11
5034;322;42;5;36,39
5035;123;10;3;4,9
5036;197;42;1;28,36
5037;137;42;5;2,27,35
5038;315;57;1;1
5039;4;23;1;8,14
5040;408;37;4;8
5041;415;37;3;27
5042;265;10;4;
5043;385;38;4;8,17,28
5044;19;47;4;25
5045;90;63;5;25,47,57
5046;480;57;3;3
5047;156;14;4;
5048;391;58;1;
5049;320;14;4;
5050;462;23;5;1,22
5051;119;17;1;13
5052;406;13;2;
5053;488;46;3;
5054;331;51;3;26,48
5055;425;66;2;
5056;224;41;5;19,31,39
5057;463;28;2;18
5058;298;16;5;
5059;140;27;4;
5060;462;11;4;9
5061;361;32;5;
5062;341;60;5;12,25
5063;125;14;5;
5064;383;11;2;1,9
5065;127;20;1;10,19
5066;213;49;5;5
5067;32;18;4;10
5068;406;20;4;
5069;346;26;3;3
5070;333;20;2;10,14
5071;78;12;1;4,6
5072;92;29;1;
5073;390;36;4;24,25
5074;358;29;5;4,18,21
5075;474;37;2;2,24
5076;392;12;2;
5077;428;41;3;16,21,35
5078;464;48;3;29,32
5079;218;56;4;
5080;237;27;2;5
5081;148;39;2;5,9,35
5082;393;38;1;9,32,34
5083;229;65;1;19,54,57
5084;479;63;2;
5085;450;25;5;6
5086;400;25;1;21
5087;279;54;4;
5088;350;55;5;43,53
5089;456;10;3;
5090;357;51;1;10,27
5091;240;29;5;2,10,14
5092;465;23;3;15
5093;250;63;1;2,14
5094;214;31;5;10,12
5095;403;48;1;
5096;9;51;2;24,37,44
5097;115;49;3;
5098;435;48;1;
5099;10;12;5;1,5
5100;273;68;4;17,21,27
5101;98;66;2;
5102;405;26;4;1,12
5103;138;54;5;30,35,40
5104;489;61;2;
5105;226;15;5;5,6
5106;390;60;5;39,41,51
5107;228;25;2;
5108;422;19;3;5,6,18
5109;437;13;1;
5110;210;15;4;8,13,14
5111;468;49;2;
5112;338;16;1;
5113;2;28;5;4
5114;89;67;5;16,46
5115;388;67;1;
5116;116;29;1;
5117;181;12;4;
5118;378;62;3;32,40,54
5119;318;16;3;10,13
5120;58;22;1;5,7,18
5121;458;33;5;22
5122;248;61;1;17,42,52
5123;423;53;2;42
5124;94;50;5;5,19,41
5125;144;45;1;42
5126;220;23;4;14
5127;257;69;2;
5128;347;52;3;23,31,39
5129;420;23;4;2
5130;64;49;2;8,33,34
5131;442;63;5;
5132;64;58;3;
5133;188;18;3;7
5134;359;62;3;15,37,42
5135;132;39;3;30
5136;326;23;2;3,14
5137;320;44;4;31
5138;288;47;3;24,41,43
5139;432;24;3;12,15,23
5140;341;68;5;21,66
5141;1;69;3;23,51
5142;66;56;3;10,17
5143;441;33;4;9
5144;54;52;3;44
5145;198;54;4;4,28
5146;258;34;5;1,18,28
5147;397;35;1;14,22,28
5148;228;54;1;7,16
5149;84;16;2;9,14
5150;485;66;2;30,38,44
5151;124;27;3;3,15
5152;59;28;3;14
5153;201;57;2;8,20
5154;4;22;4;5,9,11
5155;489;22;3;5,10
5156;452;12;5;
5157;150;19;3;
5158;220;64;5;18,29,57
5159;275;25;2;
5160;17;61;2;57
5161;173;43;1;24
5162;63;34;4;2,11
5163;291;53;3;10,16
5164;277;59;1;13
5165;499;31;3;6
5166;15;65;3;23,39,55
5167;236;65;5;22,61,62
5168;4;41;4;20,28
5169;89;32;4;
5170;83;40;1;4,10,37
5171;407;25;4;2
5172;78;42;3;3,6,18
5173;101;64;4;7,36
5174;392;54;4;
5175;398;43;3;20,29
5176;24;25;1;10
5177;274;37;1;11
5178;207;22;1;
5179;57;70;3;
5180;371;50;3;16
5181;70;53;1;24,25
5182;431;70;4;24,30
5183;110;33;4;7
5184;297;61;2;12,16,35
5185;214;33;1;9,14,27
5186;412;35;3;4
5187;402;48;5;15,42
5188;96;45;3;33
5189;226;26;1;3,17
5190;392;58;1;
5191;165;35;2;1,23
5192;153;20;1;1,10,16
5193;295;50;4;2,10,22
5194;14;38;2;20,21,31
5195;35;31;5;9,20
5196;73;43;5;11,13,29
5197;412;17;2;4,9
5198;199;21;5;7,10
5199;6;24;4;4,12,17
5200;344;61;3;
5201;37;19;1;
5202;187;60;5;12,32
5203;467;32;4;16,22
5204;383;52;2;19
5205;184;48;3;39
5206;166;63;1;
5207;139;30;2;3,9,10
5208;414;32;1;9,27,29
5209;244;24;2;
5210;376;10;5;5
5211;168;42;5;20
5212;28;32;4;14
5213;385;27;4;
5214;141;70;3;35,37,63
5215;312;43;1;18,42
5216;399;52;5;
5217;275;12;2;3,7,9
5218;212;58;5;5,16
5219;87;33;2;
5220;65;15;3;5,12
5221;346;53;5;45
5222;109;18;5;1,17
5223;96;54;1;25
5224;424;37;1;20,26,30
5225;47;40;5;12,24
5226;16;63;3;4,56,57
5227;263;10;5;3,8
5228;330;20;4;2
5229;494;22;4;4,15,21
5230;238;38;5;
5231;471;42;3;7,9,23
5232;272;46;5;8,29
5233;264;67;2;53
5234;149;17;2;2,9
5235;394;56;2;29
5236;440;67;1;17,53
5237;314;36;2;18,26
5238;479;26;1;16,23
5239;56;21;5;16
5240;448;64;2;34,57
5241;58;41;4;20,31
5242;20;62;4;43
5243;347;20;5;4
5244;84;11;3;2,7
5245;56;53;1;14
5246;277;15;4;13
5247;254;39;3;1,26,30
5248;310;23;5;3,14,15
5249;16;14;1;
5250;104;67;1;18,45
5251;26;34;4;1,10,28
5252;33;11;5;8
5253;437;17;4;1,3,11
5254;37;29;1;8,15,26
5255;447;59;4;2,25,55
5256;140;64;3;9
5257;217;19;2;
5258;251;54;2;12,30
5259;451;57;1;22,45
5260;335;31;4;7,8,10
5261;456;63;4;33
5262;187;24;3;4,9
5263;32;34;5;29,32
5264;117;65;3;
5265;27;70;1;
5266;337;26;5;12,22
5267;343;32;3;
5268;304;70;5;6,42,53
5269;290;39;1;14,37
5270;83;54;5;11,31,50
5271;165;45;1;6,16,35
5272;216;20;4;7
5273;344;37;2;3
5274;186;33;2;
5275;244;58;5;
5276;127;26;1;13,19,22
5277;190;41;4;
5278;98;19;1;3,10,11
5279;141;63;2;
5280;440;36;2;4,8,25
5281;20;33;3;19,20
5282;369;57;5;6,9,42
5283;224;29;1;
5284;275;33;4;
5285;41;66;1;
5286;237;64;1;57
5287;141;15;3;14
5288;453;67;4;9,35,57
5289;304;45;4;6,7
5290;488;66;4;
5291;54;60;4;10,37,49
5292;262;15;1;5,9
5293;380;13;1;1
5294;62;33;5;
5295;76;50;3;
5296;185;33;1;
5297;355;28;1;17,23
5298;66;52;3;48
5299;195;50;5;25,33,34
5300;309;59;3;3,6
5301;172;63;1;31,40
5302;181;53;1;23,41,52
5303;110;46;1;
5304;313;58;2;12,40
5305;410;13;5;3,12
5306;163;36;4;6,17,35
5307;432;45;4;23,35
5308;17;59;2;27,36
5309;218;42;1;8,31,32
5310;79;27;1;8,13
5311;423;58;4;15
5312;76;16;5;4,7
5313;337;52;3;2,11,32
5314;465;22;3;21
5315;186;12;1;3,7
5316;209;24;2;3,22
5317;456;24;1;23
5318;302;26;5;
5319;350;63;3;33,45
5320;272;59;2;
5321;274;44;2;7,9,12
5322;173;34;1;20,24,31
5323;315;51;2;10,28,38
5324;310;69;1;
5325;329;30;2;6,19
5326;294;36;2;14,21
5327;422;21;3;1,4,15
5328;183;40;2;10,11,13
5329;430;13;3;2,10,11
5330;466;11;5;9,10
5331;240;65;3;
5332;166;66;2;23
5333;371;24;4;19,23
5334;69;34;2;6,11,17
5335;347;56;4;5,34
5336;112;63;1;
5337;345;13;2;
5338;298;16;4;5,9
5339;356;16;5;2,12
5340;206;70;3;13,22,29
5341;456;51;2;
5342;5;54;1;19
5343;496;50;4;13,44
5344;276;27;3;6,22
5345;294;39;1;24
5346;25;44;2;
5347;398;52;4;17
5348;247;26;3;
5349;452;50;3;1
5350;110;56;3;
5351;295;22;4;11
5352;105;46;5;15,16
5353;56;36;1;
5354;258;19;1;15,16,18
5355;108;55;5;
5356;222;47;3;2,32
5357;490;18;3;6,13
5358;213;52;5;11,33,42
5359;58;28;3;6,12,18
5360;353;18;4;
5361;256;58;5;10,41,47
5362;98;57;1;14,49,56
5363;254;34;2;12,21,24
5364;471;23;4;3,14
5365;429;56;1;29,54
5366;489;50;3;
5367;105;13;4;
5368;430;65;5;
5369;251;51;4;16,22
5370;3;16;4;4,7,11
5371;146;29;5;21
5372;356;12;3;
5373;297;62;1;
5374;220;43;3;11,35
5375;208;48;3;1
5376;182;43;1;4
5377;496;40;1;
5378;399;25;1;
5379;285;20;5;14
5380;86;57;2;
5381;160;18;5;5,8,15
5382;147;54;2;34
5383;118;58;5;1,30,50
5384;20;14;3;
5385;442;48;5;
5386;351;19;3;6,7,13
5387;352;27;1;9
5388;495;28;2;2,20,21
5389;178;25;2;4,6,19
5390;458;60;4;
5391;109;38;2;
5392;471;61;2;29,54
5393;247;33;4;19,26
5394;127;60;2;3,4,30
5395;63;38;3;
5396;129;20;4;4,11,18
5397;295;19;4;4,7
5398;348;29;1;
5399;11;20;3;5,12,16
5400;121;30;5;9,19,24
5401;201;20;5;
5402;283;62;5;29,50,52
5403;5;43;2;5,20,38
5404;50;37;4;6,8
5405;472;52;4;
5406;279;21;5;
5407;160;39;5;3,5,37
5408;197;34;3;12,32
5409;308;68;1;9
5410;388;55;5;6
5411;394;38;3;
5412;23;20;4;1
5413;348;65;2;
5414;97;51;3;3,16,25
5415;240;15;1;6,12
5416;119;38;3;33
5417;217;55;3;
5418;18;37;1;20
5419;247;17;5;
5420;15;33;5;
5421;245;23;5;22
5422;112;26;1;13,17,23
5423;96;20;2;7,10,13
5424;24;28;1;4,8,13
5425;298;65;2;32
5426;47;12;2;
5427;407;36;1;
5428;484;38;5;1,18,34
5429;234;53;5;5,7,45
5430;471;19;3;
5431;386;14;1;13
5432;379;37;5;
5433;306;12;5;3,8
5434;478;58;5;8,28
5435;304;59;5;15,46
5436;458;31;5;10,22
5437;231;35;3;14,31
5438;56;30;3;18
5439;326;64;2;38
5440;212;15;5;
5441;63;20;3;6,12,16
5442;236;43;2;17
5443;190;12;1;2,6
5444;399;64;1;9,23
5445;353;43;3;9,13
5446;295;59;5;
5447;274;32;5;2,11
5448;178;68;2;15,42,61
5449;324;33;4;23,28
5450;276;31;5;15,25
5451;367;52;2;33
5452;28;69;2;60
5453;58;63;1;
5454;168;47;4;1,29
5455;415;49;3;11,24
5456;64;10;3;
5457;48;67;2;31
5458;355;32;2;13,21,26
5459;372;45;5;42
5460;355;31;2;
5461;55;56;2;9,43
5462;354;10;4;3,4
5463;81;62;1;
5464;280;67;1;6
5465;13;60;4;2,17,56
5466;432;48;1;
5467;54;44;5;6,42
5468;37;19;2;11
5469;449;60;3;
5470;265;31;1;1
5471;373;49;2;10,17,34
5472;337;28;1;
5473;23;70;2;
5474;130;15;5;1,2,11
5475;343;38;2;8
5476;94;68;2;
5477;113;60;2;
5478;27;29;5;25
5479;143;15;3;6
5480;394;55;3;
5481;132;24;3;12
5482;480;41;4;9,23,29
5483;390;13;1;
5484;355;23;1;
5485;224;20;3;
5486;378;58;3;46
5487;458;49;1;26,38,43
5488;373;29;5;
5489;10;19;5;4,11
5490;478;62;4;
5491;307;47;4;19,30,41
5492;481;31;1;18,26,27
5493;79;28;2;21
5494;315;40;5;27,32
5495;2;51;5;40,43
5496;286;64;5;1,8,58
5497;293;41;2;4,17
5498;47;34;5;5,11
5499;258;51;4;1,17,36
5500;169;43;2;23,30,40
5501;194;25;3;8,18
5502;262;18;1;1,8
5503;473;20;5;6,17
5504;317;63;2;25,38,45
5505;46;20;4;7,11,17
5506;177;60;3;8,22
5507;414;15;4;3
5508;192;32;2;19
5509;393;48;1;3
5510;249;53;4;
5511;403;47;5;7,18
5512;9;28;1;
5513;37;58;2;23
5514;457;21;5;
5515;320;62;3;30
5516;36;33;3;14,23,27
5517;80;34;1;9,24,32
5518;122;51;3;33,37,42
5519;37;32;5;
5520;198;11;1;2
5521;429;14;2;10
5522;471;16;2;
5523;361;28;4;25
5524;5;67;1;6
5525;237;60;5;4,46,55
5526;377;70;5;
5527;238;61;5;10,19,38
5528;364;25;1;8,16,17
5529;325;32;4;
5530;191;62;3;10,14
5531;397;49;5;19
5532;315;68;2;32,45,54
5533;486;60;3;37,39,52
5534;118;38;4;2,31,32
5535;483;55;3;8
5536;433;47;5;4,7,40
5537;176;38;4;7,23
5538;9;26;3;
5539;235;52;1;14,42,43
5540;216;58;3;2
5541;460;63;4;36
5542;492;62;2;23
5543;319;22;1;1,8,19
5544;91;29;2;13,22
5545;444;20;3;
5546;354;54;5;
5547;324;61;2;
5548;408;61;4;1,24,45
5549;268;24;3;9,19
5550;256;69;4;19,26,65
5551;244;15;2;9
5552;194;70;5;36,46
5553;334;30;1;3,27,29
5554;367;32;4;25
5555;64;67;5;13,42
5556;51;60;4;5,6
5557;384;22;3;7
5558;211;65;2;
5559;79;44;1;15
5560;9;53;4;
5561;107;42;5;24,33
5562;139;22;2;
5563;77;60;5;38,54
5564;74;46;5;10,13,38
5565;436;28;4;1,2,24
5566;175;36;4;17
5567;390;35;2;16,21,30
5568;189;26;1;24
5569;269;15;1;3,13
5570;384;68;5;
5571;245;58;1;13
5572;6;44;1;38
5573;383;47;1;24,30
5574;165;35;4;9,19,33
5575;456;40;3;
5576;422;68;4;8,22,53
5577;440;69;1;55
5578;389;53;3;5,34,50
5579;454;39;4;35
5580;349;19;1;4,8,11
5581;144;63;3;18
5582;151;13;4;4,10
5583;426;56;4;46,52
5584;51;26;5;3
5585;213;33;1;13,27
5586;348;53;3;
5587;487;55;1;
5588;79;17;1;12
5589;229;29;4;
5590;221;45;2;
5591;287;68;2;
5592;100;61;2;
5593;495;57;5;
5594;474;35;4;
5595;168;63;3;50,59
5596;32;70;5;52
5597;345;20;5;10,15,17
5598;344;54;1;37
5599;471;67;3;31,66
5600;141;22;1;9
5601;58;57;5;34
5602;33;58;3;44
5603;296;66;5;
5604;443;47;1;5
5605;450;55;3;13,23
5606;334;35;3;10,18
5607;458;43;2;33
5608;392;47;1;38
5609;469;48;3;45
5610;60;46;2;28,44
5611;381;18;3;9,14
5612;205;15;3;14
5613;74;58;5;8,27,49
5614;34;46;5;19,23
5615;294;29;5;16
5616;66;22;4;14,17
5617;247;22;5;
5618;340;63;4;15,18
5619;183;58;5;15,34,56
5620;1;48;3;
5621;427;17;2;13,16
5622;238;26;5;4,6
5623;109;14;3;
5624;239;47;1;
5625;471;46;5;23
5626;111;49;4;41
5627;350;36;3;16,35
5628;469;69;2;21,40
5629;58;21;5;11
5630;253;34;2;11
5631;168;24;4;20
5632;94;28;5;9,21
5633;287;59;5;52
5634;489;70;1;2,61,66
5635;431;45;3;3,20,37
5636;435;29;1;8
5637;64;47;4;1,14,15
5638;157;34;1;13,16,20
5639;173;34;4;24
5640;313;24;5;
5641;121;38;3;35
5642;220;58;3;
5643;411;24;5;8,20
5644;212;31;3;4
5645;421;11;4;2,8,9
5646;398;45;3;15
5647;91;50;1;9,25
5648;489;41;2;19,24
5649;399;33;3;12
5650;120;15;5;13
5651;336;40;3;
5652;443;67;5;35,60
5653;9;36;3;1,20,27
5654;277;14;1;1,10,12
5655;351;61;5;19,41,52
5656;186;28;3;5,18
5657;303;44;3;14,37
5658;296;56;4;37
5659;325;39;2;26,33,35
5660;76;45;4;16,31
5661;370;57;1;48
5662;453;61;2;11,15
5663;430;29;4;4,7,19
5664;370;11;3;
5665;344;62;5;35,47,48
5666;175;33;3;7
5667;24;30;2;5
5668;464;47;2;6,40
5669;357;63;1;
5670;281;36;4;14,33
5671;4;18;3;7,9,15
5672;180;61;5;
5673;361;57;2;27
5674;370;52;4;32,39
5675;471;58;1;2,54
5676;46;46;2;6,37
5677;250;42;3;26
5678;330;24;2;
5679;445;24;3;4,20
5680;280;26;4;12,19
5681;483;34;1;14
5682;17;56;2;26,36,47
5683;42;38;2;
5684;255;48;3;5,36
5685;342;37;3;13,25,31
5686;446;51;3;13,21
5687;22;62;1;22,49
5688;327;51;4;45
5689;130;12;3;1,2,7
5690;83;52;5;31,50
5691;210;49;5;13,23
5692;447;33;2;1,25
5693;55;68;2;5
5694;22;54;4;
5695;76;57;5;19,22
5696;11;38;1;32
5697;281;38;5;25,30
5698;462;59;4;40,51
5699;448;10;5;
5700;181;68;3;3,67
5701;476;10;1;5,7,9
5702;110;17;4;3,5
5703;470;12;4;9
5704;440;37;3;
5705;331;23;1;9
5706;349;14;4;
5707;67;27;3;3
5708;296;14;3;
5709;181;21;1;3,17,18
5710;275;13;3;
5711;370;62;1;39,40
5712;121;27;2;7,9
5713;335;30;4;
5714;404;43;5;4,21,25
5715;33;13;4;2,4,7
5716;340;62;1;
5717;317;51;1;4,12,22
5718;114;63;4;38
5719;104;34;1;8,25
5720;70;12;5;2,6
5721;380;13;4;1,8,10
5722;334;28;1;9
5723;173;57;3;28
5724;482;12;2;2,4,10
5725;330;56;2;10
5726;61;58;3;22,24,56
5727;351;53;2;15
5728;499;23;5;3
5729;36;27;4;21,25
5730;367;15;2;4,6
5731;277;25;2;19,20
5732;199;68;5;2,48
5733;237;37;4;5
5734;443;37;3;30
5735;322;12;2;3,4,7
5736;317;31;5;4,21,26
5737;236;49;1;24
5738;482;56;1;
5739;139;50;4;
5740;104;61;1;28,49,50
5741;252;55;3;35
5742;395;37;2;
5743;40;48;5;30,37
5744;493;20;5;
5745;334;44;4;16,30
5746;101;53;4;11,19
5747;139;35;2;6,14,34
5748;422;32;5;
5749;172;43;3;3,14,20
5750;52;24;4;2,7
5751;243;10;5;6,8
5752;312;61;2;44
5753;15;10;2;2
5754;36;26;3;6
5755;40;43;2;
5756;449;52;4;20,23
5757;371;20;2;
5758;400;45;3;5,30
5759;141;20;3;2
5760;351;37;4;19
5761;146;61;2;25
5762;364;42;4;
5763;333;41;5;15,28
5764;110;46;4;
5765;326;40;1;16,21,33
5766;301;34;4;5,11,16
5767;176;65;5;
5768;176;68;2;26
5769;292;12;3;3
5770;138;62;1;
5771;69;48;1;15,17,18
5772;51;29;3;12
5773;198;51;4;
5774;365;22;3;10,18
5775;202;14;5;5,9
5776;319;33;1;
5777;161;40;4;16,25,32
5778;490;58;1;25,47
5779;442;23;4;16,19,21
5780;224;57;2;19,55
5781;260;30;2;10,12
5782;0;21;4;1,11,20
5783;165;43;4;11
5784;496;39;2;32,36
5785;453;38;2;23
5786;275;55;5;11,24
5787;13;46;2;25,37
5788;154;50;3;
5789;316;69;1;44
5790;93;23;1;2,8,19
5791;429;10;5;3,8
5792;26;31;5;2,3
5793;172;34;4;10,27,29
5794;150;30;4;20,21,28
5795;344;46;4;3,11,28
5796;349;16;3;
5797;365;28;1;12,13,21
5798;357;14;4;1,6
5799;254;47;4;40
5800;161;55;1;5
5801;163;60;4;40
5802;173;34;1;11,15,18
5803;141;51;2;3,31,44
5804;492;37;3;6,19,24
5805;356;54;4;
5806;405;39;3;27
5807;109;18;5;
5808;247;65;4;28,42,46
5809;390;39;1;2,11,16
5810;209;57;2;7
5811;184;25;5;
5812;433;69;3;
5813;411;23;1;6,12,14
5814;258;31;3;5,16
5815;388;25;2;3,7,17
5816;169;52;3;17,24,33
5817;421;45;3;
5818;350;31;3;11,25,29
5819;467;51;4;4,10,39
5820;138;44;1;25
5821;112;69;1;
5822;398;32;1;7,31
5823;116;13;5;
5824;132;14;5;7
5825;195;51;2;
5826;185;49;5;21
5827;419;29;4;9
5828;25;51;4;10,12,15
5829;108;68;2;
5830;276;61;4;
5831;268;70;4;5,59,67
5832;206;10;4;
5833;418;35;1;13,20,33
5834;71;29;4;10
5835;376;66;4;13,36,51
5836;406;11;4;6,9,10
5837;170;25;2;24
5838;96;55;5;34
5839;251;46;5;1,4
5840;490;44;5;1,28,39
5841;24;51;1;2,24
5842;263;39;3;14,16,22
5843;284;40;5;2,30
5844;279;13;5;5,8,9
5845;90;37;2;11,15,18
5846;498;15;5;
5847;210;13;1;
5848;86;66;1;13
5849;13;33;4;
5850;294;17;5;2
5851;417;68;5;
5852;59;27;5;8,12
5853;131;28;2;3,19
5854;214;13;3;3,11
5855;389;18;1;4
5856;423;66;4;64
5857;408;22;1;12,20
5858;437;60;2;8,34,46
5859;262;33;2;30
5860;479;31;3;2
5861;368;33;1;
5862;444;44;4;34,37
5863;365;30;1;2,10
5864;187;65;1;36,64
5865;381;24;1;8
5866;433;49;2;23,29
5867;45;32;2;28
5868;258;50;4;29,37,39
5869;263;41;3;
5870;479;23;5;
5871;157;34;4;2,19,29
5872;209;59;5;22,42,56
5873;78;18;2;6,9
5874;245;19;5;
5875;426;50;2;40
5876;280;21;3;
5877;452;50;1;23,38,45
5878;454;69;2;19,28,40
5879;339;10;1;4,5,9
5880;227;46;5;21
5881;282;35;4;22,32
5882;108;16;2;11,13
5883;163;47;5;14
5884;67;41;2;3,29
5885;385;41;3;8,27
5886;382;43;3;18
5887;54;44;5;31
5888;377;65;1;28,29,49
5889;389;46;2;4,22
5890;172;19;1;12
5891;235;29;3;1,3,16
5892;344;29;3;
5893;81;30;1;10,23
5894;408;47;2;6,30
5895;65;28;1;13
5896;90;43;3;20,30,38
5897;33;11;2;5,6
5898;78;12;2;11
5899;212;10;5;
5900;477;11;5;6,9
5901;310;35;1;23
5902;199;63;3;39
5903;297;17;3;15
5904;234;49;5;33,47
5905;369;37;3;15
5906;454;68;1;58
5907;255;35;2;
5908;185;37;4;16,20,33
5909;43;47;2;
5910;487;31;1;7
5911;184;40;5;30,34,37
5912;23;20;4;3
5913;169;38;5;16
5914;127;69;3;45
5915;279;65;5;4,16,49
5916;232;27;1;11,17
5917;288;66;5;6,33,39
5918;253;22;1;4,5
5919;198;31;1;9,13
5920;5;10;3;3,8
5921;478;69;3;
5922;351;36;4;25
5923;226;47;3;35
5924;20;35;5;17,30
5925;337;55;5;14,26
5926;212;11;1;2,3
5927;309;67;3;35,43,62
5928;125;37;1;23
5929;190;66;2;
5930;215;10;5;5,7,9
5931;340;61;3;7,17,36
5932;493;43;1;
5933;284;39;1;22
5934;246;55;4;19,47
5935;89;14;3;12
5936;171;35;4;7
5937;376;65;4;
5938;395;65;5;13
5939;177;43;1;
5940;77;59;2;10
5941;209;54;4;9,21
5942;439;62;4;26
5943;35;58;2;37,46
5944;261;12;4;5
5945;338;29;3;6
5946;227;29;3;23
5947;201;12;2;6
5948;422;57;2;
5949;134;43;5;19,40
5950;289;27;4;2,12,13
5951;214;68;1;44,67
5952;122;15;4;4,7
5953;49;15;4;
5954;142;16;3;
5955;128;38;3;
5956;228;37;4;36
5957;471;35;5;3,11,29
5958;44;22;5;20
5959;417;40;4;17
5960;157;55;1;6,37
5961;494;53;1;
5962;322;19;5;8,15
5963;191;45;2;12
5964;245;62;2;14,23,35
5965;315;61;3;8,17,28
5966;75;21;3;13,14
5967;438;25;3;23
5968;36;16;4;1,13
5969;357;24;3;5,14
5970;263;68;1;14,17
5971;492;55;3;18,21,39
5972;469;11;3;6
5973;372;68;2;59
5974;161;23;4;5,6,20
5975;338;40;5;4,23
5976;403;17;3;
5977;343;27;4;
5978;402;10;1;
5979;164;52;3;42
5980;53;48;5;8,45
5981;61;36;5;1,10,24
5982;88;58;3;
5983;47;14;2;4,10,12
5984;488;42;3;27,33
5985;57;28;1;3,23
5986;396;42;4;6,19,24
5987;179;55;2;
5988;272;46;5;16,22,26
5989;223;41;3;11,15,24
5990;439;45;3;
5991;341;27;4;
5992;117;15;2;5,7
5993;0;11;3;10
5994;254;52;4;21
5995;63;29;1;
5996;286;36;3;7,8,35
5997;372;52;4;2,6,13
5998;157;30;5;2,3,12
5999;450;61;2;13,24,55
6000;108;46;2;24
6001;326;11;2;1,10
6002;83;24;1;
6003;99;32;1;22,28
6004;288;22;3;7
6005;358;12;4;5,7,10
6006;290;51;3;49
6007;427;40;1;4,15
6008;349;51;2;24,31,34
6009;174;25;4;
6010;450;41;2;8,40
6011;94;24;3;3,4,10
6012;275;21;3;
6013;133;15;2;2,5,7
6014;189;63;4;9,38
6015;83;26;2;
6016;332;26;4;1,10,20
6017;251;55;2;19,28,46
6018;382;42;5;
6019;227;42;3;
6020;239;54;3;5,6
6021;349;45;2;29,31
6022;269;44;5;24
6023;367;24;3;
6024;19;10;3;8
6025;201;35;1;3
6026;437;29;2;14
6027;210;43;2;13
6028;359;30;4;4
6029;497;53;4;24
6030;144;62;5;16
6031;214;52;3;4,11
6032;126;17;4;6,8
6033;457;68;1;28
6034;5;21;3;
6035;226;63;2;
6036;37;14;4;9,10,11
6037;250;51;2;12,31
6038;416;27;1;5,6,14
6039;228;10;2;
6040;366;39;2;15,25,32
6041;14;59;1;32,43,57
6042;396;39;1;9,35,36
6043;496;40;3;34
6044;192;55;5;9,36
6045;72;23;3;
6046;211;39;3;
6047;266;35;3;11,20
6048;274;68;2;17,22,59
6049;300;35;2;5,17,31
6050;64;17;3;1,5
6051;362;58;5;
6052;69;57;1;5
6053;335;56;4;17,34
6054;0;30;5;15
6055;197;30;2;7,12,20
6056;247;69;5;17,42,43
6057;49;36;4;29,33
6058;46;15;1;1,14
6059;226;49;3;14
6060;409;40;2;19,32,38
6061;92;15;5;6,7,9
6062;370;67;2;4,9,49
6063;76;26;5;
6064;91;40;4;1
6065;158;41;3;11,14
6066;490;22;4;10,11,21
6067;120;52;3;42
6068;341;58;5;1,5,18
6069;399;27;4;
6070;421;67;1;21,35,54
6071;479;27;1;5,8,11
6072;306;21;3;3,12
6073;98;19;2;
6074;482;57;2;11,34
6075;389;28;1;2,10,11
6076;418;22;4;3,5,16
6077;102;25;3;5,11
6078;468;58;3;1,25
6079;406;24;2;11,19
6080;325;53;2;16,18,49
6081;238;33;3;13,26,32
6082;116;33;2;19,24
6083;103;58;4;
6084;180;31;2;25
6085;7;41;4;
6086;290;57;5;26
6087;26;46;2;2,28
6088;472;23;1;
6089;447;59;3;8,10,41
6090;390;22;4;9
6091;173;42;2;2,32
6092;75;47;1;20
6093;236;11;4;3
6094;190;63;5;19
6095;243;40;3;
6096;230;59;1;42,46
6097;138;40;2;
6098;34;58;2;1,5,48
6099;207;15;3;
6100;190;69;3;16
6101;301;64;2;2,8,34
6102;84;36;3;22
6103;468;30;5;20
6104;326;62;5;12
6105;156;54;3;15,30,36
6106;496;53;4;32
6107;24;27;2;5,11,17
6108;10;49;1;15,21,42
6109;137;44;3;4,34
6110;112;59;3;27
6111;232;54;3;40
6112;227;45;3;
6113;192;37;4;27,29
6114;374;67;4;37
6115;76;50;1;21
6116;387;43;5;18
6117;346;32;3;5,14,28
6118;334;49;3;6,41
6119;243;65;2;13,22,24
6120;55;68;4;10,15
6121;61;69;4;
6122;471;38;1;6,16,27
6123;22;10;2;6,7,8
6124;134;66;4;27,57
6125;394;35;5;
6126;261;33;3;6
6127;139;48;3;
6128;383;39;5;37
6129;192;33;4;4,11,17
6130;411;31;1;8,17,28
6131;446;50;5;
6132;236;44;1;21
6133;37;58;4;48,57
6134;0;25;5;
6135;12;31;2;10,16,27
6136;42;34;5;8
6137;415;33;4;
6138;268;34;1;
6139;76;54;4;
6140;312;39;2;
6141;144;43;5;33
6142;230;54;1;12,47,52
6143;85;45;4;9,12,30
6144;31;30;2;
6145;459;30;2;16
6146;474;43;5;14,23,32
6147;293;60;5;19,42
6148;210;58;1;13,27,49
6149;370;10;4;2
6150;278;22;2;11,18
6151;26;46;2;
6152;24;57;3;7,39,53
6153;102;65;3;
6154;138;61;3;51,56
6155;390;46;2;32
6156;172;38;2;
6157;482;29;4;
6158;267;28;5;
6159;429;34;4;
6160;77;22;2;
6161;31;30;5;11,23
6162;322;48;1;16,19
6163;189;56;1;
6164;10;36;5;1,24
6165;218;17;3;8,11
6166;454;52;4;3,24
6167;320;61;3;
6168;106;39;4;
6169;235;16;1;8,9
6170;221;69;3;11,18,42
6171;415;69;3;16,30,62
6172;292;60;1;
6173;336;19;5;
6174;305;41;1;12,14,27
6175;332;24;1;10
6176;238;55;2;14,21
6177;286;56;2;4
6178;369;19;1;3,11,16
6179;116;31;1;7,12,19
6180;477;12;1;3,4,9
6181;333;69;5;54,65
6182;235;12;2;3,6,9
6183;363;14;3;3,5,6
6184;117;12;5;
6185;5;26;2;
6186;426;51;2;1,7,42
6187;487;55;1;45,54
6188;147;32;2;31
6189;431;26;4;18
6190;69;26;1;
6191;272;55;1;
6192;261;11;5;
6193;405;22;3;10,16,21
6194;224;47;1;
6195;18;55;2;24,34
6196;439;26;5;6,13,23
6197;212;34;2;18
6198;262;53;3;12,22,48
6199;190;35;5;26
6200;461;51;2;49
6201;178;17;1;3,11,14
6202;474;36;1;4,7,18
6203;212;67;2;7,15,60
6204;312;48;3;36,41
6205;284;22;4;16
6206;291;19;1;
6207;418;20;2;1,3,13
6208;165;66;2;8,12,54
6209;378;60;4;
6210;188;61;2;1,44
6211;389;45;5;27,28,29
6212;80;66;2;25,43,58
6213;322;10;5;7
6214;495;50;3;14
6215;89;62;3;9,50
6216;473;57;4;22,32,33
6217;204;60;4;
6218;379;52;1;27
6219;59;49;1;12,15,24
6220;130;29;1;14
6221;399;68;5;
6222;172;21;4;2,6
6223;306;32;1;
6224;385;15;2;8
6225;471;40;4;8,23
6226;63;39;5;24
6227;84;54;5;
6228;15;55;5;
6229;333;53;2;17,31,50
6230;79;56;1;36,48
6231;5;40;2;3,30,38
6232;399;53;5;31,48,49
6233;5;45;1;17
6234;387;23;5;5,19
6235;290;33;3;6,16
6236;491;35;1;8,28,33
6237;272;68;5;10,14,51
6238;113;11;1;1,7
6239;317;13;2;3,5,12
6240;381;32;1;
6241;409;68;1;5,14,56
6242;25;28;5;11,22,24
6243;374;17;5;12,14
6244;254;12;1;8,11
6245;272;30;4;10,12
6246;144;28;1;
6247;201;41;2;20,36
6248;34;37;5;25,33,34
6249;237;62;4;40
6250;183;25;2;2,9
6251;175;32;4;2,16
6252;133;48;1;
6253;455;32;1;
6254;305;21;4;1,10,17
6255;334;64;2;
6256;369;16;2;9,12
6257;202;68;1;24,58
6258;7;34;1;
6259;88;19;4;3,11
6260;348;43;1;5,18,24
6261;401;35;4;25,32
6262;61;54;2;48
6263;237;15;4;14
6264;157;59;4;20,27
6265;201;26;2;9
6266;274;31;1;19,22
6267;171;19;5;1,17
6268;467;33;4;
6269;327;19;4;1,10,17
6270;105;40;5;10,22,33
6271;466;26;1;
6272;431;48;1;3,11,45
6273;141;22;2;1,12
6274;293;39;4;
6275;251;38;1;16,33,36
6276;350;65;2;12,23
6277;487;17;3;10,12
6278;370;53;4;
6279;168;53;2;
6280;15;11;4;
6281;429;43;2;
6282;165;37;4;6,14,32
6283;166;53;1;28
6284;338;29;1;
6285;118;43;5;13
6286;348;41;1;17
6287;157;19;5;8,11,14
6288;496;54;1;42,49,52
6289;351;49;5;43
6290;125;49;4;26,43,47
6291;140;64;2;27
6292;60;46;3;3,21
6293;171;28;2;
6294;191;10;4;7
6295;205;65;4;24,31
6296;276;23;3;13,22
6297;451;53;3;
6298;194;48;3;20,46
6299;173;69;3;3,36,43
6300;484;20;1;2,3,7
6301;156;68;1;28,33
6302;85;63;3;
6303;270;21;2;
6304;212;13;1;1,3,7
6305;438;36;2;1,32
6306;200;66;4;23
6307;439;23;2;
6308;277;62;1;29
6309;444;67;5;
6310;323;23;3;14
6311;395;25;4;15,21
6312;330;23;5;11,20
6313;384;43;2;14,36
6314;420;42;1;20
6315;134;11;4;6,9
6316;395;36;2;13
6317;404;62;5;42,47
6318;320;50;5;22,30,47
6319;417;33;1;13
6320;128;33;2;
6321;116;23;1;9,20
6322;195;35;2;26,28,33
6323;228;32;5;17,18
6324;383;53;1;
6325;68;63;3;
6326;416;41;3;36
6327;186;43;4;
6328;460;17;1;
6329;168;14;3;7,9,11
6330;307;26;1;9,23
6331;374;13;5;3,9,10
6332;199;63;5;
6333;64;26;2;
6334;121;12;1;8
6335;253;34;1;1,13
6336;117;14;2;12
6337;262;20;1;
6338;330;48;1;
6339;96;51;2;43
6340;109;67;4;9,17
6341;51;32;2;2,4
6342;175;49;2;19,24,47
6343;389;16;3;4,10,14
6344;273;30;4;1,25
6345;364;62;4;31,48,53
6346;30;37;4;21,27,32
6347;248;62;4;2,15,54
6348;480;70;2;34,40
6349;163;63;1;7,39,56
6350;307;45;4;34
6351;309;39;2;14
6352;374;53;1;2,15,19
6353;284;43;2;30,39
6354;354;51;2;
6355;128;18;3;
6356;106;53;1;4,12
6357;210;23;4;6,13,16
6358;102;46;2;36
6359;76;53;2;44
6360;4;28;1;21,23
6361;183;59;5;
6362;342;15;3;2,3
6363;185;45;4;10,30
6364;430;29;4;3,21,24
6365;166;22;1;5,12,17
6366;168;68;2;
6367;211;19;1;10,13,15
6368;376;68;4;19,54,56
6369;47;45;3;35,41
6370;470;13;1;3,6
6371;48;40;2;14
6372;481;60;3;3,52
6373;366;37;3;
6374;121;31;3;7,21
6375;81;31;3;18,21
6376;479;68;1;20,40,60
6377;301;35;5;16,22,29
6378;181;41;4;37
6379;359;19;1;
6380;104;30;3;10
6381;212;49;3;12,14
6382;433;10;5;2,3,9
6383;284;42;3;6,11
6384;286;44;1;37
6385;126;61;5;37
6386;210;27;3;5
6387;462;22;2;5,7,15
6388;170;27;5;18,24
6389;178;11;1;3,9,10
6390;273;60;1;
6391;82;33;1;11,19,31
6392;162;70;5;18,20,55
6393;2;41;3;1,28,33
6394;341;37;1;
6395;310;21;5;1,4,8
6396;32;19;3;6,10
6397;201;30;3;
6398;179;11;4;
6399;399;28;4;17
6400;220;47;3;37
6401;256;56;3;
6402;479;64;4;34,40,43
6403;17;18;2;3
6404;114;41;5;6
6405;150;40;2;7,25,28
6406;127;17;5;2,11
6407;444;11;3;6,7
6408;419;56;5;30,46,51
6409;315;25;2;
6410;154;59;3;
6411;435;41;3;7,19,28
6412;156;47;2;19
6413;348;70;3;8,33,66
6414;34;27;4;8,24
6415;46;65;3;
6416;479;66;3;30,56
6417;299;47;2;7
6418;397;47;4;
6419;306;31;3;
6420;124;44;1;12,22,35
6421;179;49;2;
6422;129;38;1;
6423;145;31;5;29,30
6424;48;65;5;5,19,49
6425;167;44;4;2,9
6426;62;39;1;1,3,15
6427;429;63;4;13
6428;107;64;1;
6429;128;49;3;
6430;185;63;1;2,30
6431;39;49;2;16
6432;446;55;5;5,6,11
6433;228;63;4;1,48
6434;43;31;5;1
6435;290;27;3;25
6436;351;61;2;3,22,36
6437;265;28;5;3,18
6438;162;57;5;
6439;435;24;2;6,15,18
6440;409;67;3;4,6,64
6441;35;59;4;12
6442;420;14;1;9
6443;498;35;1;9,18,23
6444;99;65;5;4,14
6445;129;58;5;25,29,43
6446;286;53;1;
6447;132;18;5;5
6448;32;60;1;
6449;231;37;2;1,30
6450;359;39;3;27
6451;334;69;5;
6452;15;64;3;10,28,36
6453;472;21;1;12,16
6454;313;33;3;
6455;26;38;1;17,19,30
6456;425;49;2;17,28
6457;329;43;4;37
6458;248;11;2;2
6459;257;57;2;15,25
6460;357;64;4;
6461;368;24;5;4,6
6462;392;53;3;9,11,52
6463;176;30;2;6,16,17
6464;272;36;3;4,21
6465;446;65;5;4,45
6466;373;53;2;1,33
6467;248;58;5;23
6468;318;51;2;
6469;49;64;4;41
6470;165;22;2;2
6471;81;52;3;20
6472;185;10;1;
6473;490;29;3;6,13,21
6474;412;46;5;
6475;62;67;2;50
6476;371;69;1;39
6477;33;60;1;29,49
6478;197;52;4;24,27,39
6479;101;65;3;13,28,36
6480;354;37;5;3,20,28
6481;97;40;5;10,26,29
6482;277;63;1;21,31,32
6483;457;35;3;2,13,23
6484;204;65;5;
6485;107;17;2;3,13
6486;458;45;3;9,23,41
6487;447;29;3;16,28
6488;342;33;1;
6489;90;24;2;11
6490;189;49;2;
6491;179;64;2;5,35,61
6492;200;15;4;9,13
6493;258;15;5;1,6
6494;361;58;3;22,29
6495;224;47;2;
6496;3;27;3;4,15,18
6497;313;64;4;
6498;66;38;2;9,15
6499;489;68;5;
6500;28;47;2;23,30,40
6501;479;68;1;26,47
6502;186;11;5;
6503;247;38;4;14,21
6504;201;68;1;
6505;258;48;4;2,34,35
6506;49;54;2;15,41
6507;188;16;4;2,13
6508;12;27;4;
6509;448;38;5;6,14
6510;361;69;4;
6511;352;60;3;3,33
6512;438;31;3;3,17
6513;322;17;1;1,5
6514;110;11;1;2
6515;267;66;1;
6516;302;56;4;34
6517;433;16;5;
6518;191;47;3;14,20,24
6519;252;59;3;18
6520;433;37;3;23,29
6521;213;32;5;
6522;69;25;3;17
6523;145;58;5;31,33
6524;35;66;3;
6525;260;19;4;
6526;205;13;1;1,9,11
6527;99;54;3;45
6528;128;21;3;12
6529;427;29;3;3,11,15
6530;473;68;4;38,47,51
6531;150;31;2;8,11,14
6532;484;51;1;9,36
6533;477;61;4;
6534;403;35;5;10,19,22
6535;353;33;4;18,28
6536;34;40;2;26
6537;251;47;3;7,42
6538;312;26;2;15,22
6539;459;32;5;
6540;50;17;2;1,6,11
6541;145;70;1;
6542;361;31;3;21,22,23
6543;27;51;2;12,21,34
6544;70;10;5;
6545;177;55;5;6,39
6546;289;55;2;26,39
6547;294;55;4;24
6548;113;27;4;
6549;53;31;3;8,12,29
6550;351;25;3;9,11
6551;133;46;2;6,40
6552;368;19;5;
6553;484;46;2;10
6554;443;51;4;
6555;187;41;5;1,15,24
6556;75;20;2;4,13,18
6557;261;58;1;11,17
6558;68;48;5;10,29
6559;476;38;3;12,26
6560;179;25;1;7
6561;452;69;2;25
6562;93;22;4;11
6563;354;32;5;20
6564;23;62;2;15,25,37
6565;95;35;3;10,27
6566;285;32;1;4
6567;68;29;2;12,15,19
6568;445;21;2;3
6569;136;56;2;14,29
6570;118;14;4;5
6571;37;51;3;19
6572;431;24;5;13,19
6573;431;31;4;6,22
6574;368;37;1;12,18,24
6575;373;68;2;20,21
6576;348;23;4;
6577;236;56;1;23
6578;401;66;4;7,22,49
6579;246;28;2;
6580;435;30;1;11
6581;415;60;5;26,52,58
6582;187;38;4;12
6583;161;17;3;2,5,7
6584;98;33;4;2,24,29
6585;99;57;4;27,55
6586;317;51;1;24,45
6587;261;53;1;
6588;74;28;2;24
6589;170;22;2;
6590;480;42;5;19
6591;24;53;1;28,29
6592;215;44;2;35,37
6593;125;55;2;42
6594;99;31;4;9
6595;423;44;3;4
6596;54;30;5;13
6597;214;36;2;14
6598;191;49;5;
6599;263;33;3;16,17,19
6600;52;12;5;
6601;372;13;4;2,7,9
6602;45;13;4;7
6603;317;22;4;5,20
6604;53;53;3;
6605;367;24;2;9
6606;164;60;4;24,42
6607;78;42;2;
6608;242;14;2;
6609;159;18;2;10
6610;76;26;4;6,8,17
6611;311;67;1;53,56
6612;83;41;4;
6613;360;63;4;13,48,59
6614;474;67;4;
6615;167;31;1;18
6616;442;25;2;13,17
6617;42;49;3;
6618;44;13;2;4,8
6619;250;56;1;5,15
6620;149;53;4;
6621;19;15;1;8,11,13
6622;69;14;1;2,11
6623;163;65;1;25
6624;480;47;1;32
6625;335;37;4;6,28,30
6626;393;38;5;6,9
6627;227;41;2;9,18
6628;139;55;2;
6629;331;67;1;
6630;137;56;2;6,35,48
6631;130;54;2;7
6632;75;15;2;2,3,5
6633;372;31;4;7,13
6634;227;20;5;9,12
6635;391;51;4;22,36
6636;1;21;1;18
6637;344;15;4;
6638;51;35;2;2,6,32
6639;477;18;1;5,10,16
6640;417;70;2;
6641;417;53;1;21,33,34
6642;108;16;2;12
6643;67;24;4;6
6644;447;11;2;
6645;66;49;3;21,22,46
6646;116;12;1;1,6,9
6647;165;27;4;14
6648;76;29;4;23
6649;45;57;5;7,53
6650;268;67;2;
6651;453;31;3;3,15
6652;346;65;4;
6653;94;63;2;35,41,42
6654;6;46;1;13,24,36
6655;408;60;1;
6656;78;41;3;5
6657;116;63;5;34,59
6658;396;67;4;11,42,61
6659;115;58;2;23
6660;159;65;3;
6661;22;59;5;34
6662;272;21;2;17
6663;355;26;3;
6664;413;12;3;
6665;41;32;3;22,24
6666;402;54;3;5
6667;337;32;2;1,15,25
6668;268;36;4;2,29
6669;183;30;2;10,26
6670;98;32;5;
6671;447;49;3;38
6672;31;26;4;
6673;136;25;4;2,8
6674;41;55;2;
6675;343;50;1;17,26,43
6676;87;64;4;
6677;473;63;4;11,14
6678;40;68;2;2,47
6679;194;45;2;8
6680;158;46;3;13,35
6681;273;61;4;
6682;390;68;4;15,64,65
6683;470;58;3;5
6684;306;18;1;2,4,6
6685;201;55;3;4,16,27
6686;399;22;2;17,20
6687;474;22;3;4,19
6688;342;27;5;
6689;443;36;4;21
6690;375;31;5;
6691;6;43;1;16,34
6692;496;38;4;20,23
6693;281;65;4;47,55,60
6694;465;15;3;2,8
6695;167;20;2;5,6,7
6696;28;52;5;28
6697;115;44;2;13
6698;316;22;4;5,10,11
6699;212;15;1;11
6700;381;48;1;10,12
6701;160;50;1;
6702;167;43;4;30
6703;77;32;3;
6704;390;54;1;2,23
6705;281;65;2;12,17
6706;138;62;4;21,53
6707;466;12;2;1
6708;38;34;3;22,27
6709;476;50;4;1
6710;69;26;3;23
6711;71;30;2;26,29
6712;152;67;4;
6713;332;37;1;32
6714;179;17;4;4,12
6715;389;27;2;21
6716;3;14;5;3,8,9
6717;75;30;1;6,14,24
6718;352;50;4;7
6719;197;50;3;17,41
6720;125;63;2;5
6721;229;49;3;
6722;358;37;4;6,25
6723;345;18;2;8,10,16
6724;272;65;4;57
6725;277;32;1;
6726;10;64;2;13
6727;276;42;1;2,5,33
6728;162;28;4;19
6729;209;14;3;7,13
6730;354;11;1;
6731;454;37;1;10,35
6732;294;18;2;1,13,17
6733;11;65;3;
6734;162;37;4;26
6735;285;51;1;
6736;232;52;5;7
6737;427;42;2;6,33
6738;115;62;1;3
6739;463;19;3;18
6740;478;25;3;3,12,13
6741;349;28;5;3,22
6742;38;67;2;19,39,49
6743;274;10;5;1,4,9
6744;474;47;3;32,41,42
6745;222;23;5;
6746;417;35;4;11
6747;471;56;5;3,42
6748;289;13;2;9
6749;34;53;5;3,15,40
6750;431;14;5;5,7,8
6751;172;60;3;51
6752;209;12;3;11
6753;15;62;3;
6754;453;28;2;3,16,21
6755;364;10;1;
6756;30;35;3;
6757;220;52;4;16,41
6758;23;62;4;40,61
6759;397;57;4;4,43,53
6760;113;36;1;14
6761;460;67;5;
6762;266;38;1;9,30
6763;42;55;1;1,10,25
6764;26;50;5;4,20
6765;468;49;1;8,43
6766;140;37;5;14,26
6767;214;38;4;17,22,32
6768;270;38;1;
6769;373;51;2;5,21,36
6770;54;54;2;34,42
6771;153;65;2;15,32,42
6772;219;70;4;23,37
6773;186;25;4;10,16
6774;357;23;4;
6775;273;40;1;7,12,25
6776;273;54;2;
6777;212;11;4;1
6778;128;22;1;
6779;100;43;2;14
6780;117;11;3;2,5,10
6781;441;24;1;10,15,16
6782;376;58;5;21
6783;148;40;2;19,20,23
6784;91;65;5;3,5
6785;134;53;5;26
6786;115;43;1;5,12
6787;485;22;5;
6788;1;41;2;
6789;182;28;4;8,17
6790;5;45;2;6
6791;98;45;5;41
6792;69;51;3;
6793;328;37;1;
6794;24;47;5;9,45
6795;382;24;2;6,21,22
6796;489;21;2;9,15
6797;461;13;3;6,11
6798;337;61;1;16,41,47
6799;105;58;4;18,50
6800;173;63;1;22,32
6801;259;50;3;
6802;349;26;3;22
6803;187;14;3;8,13
6804;142;25;5;3,5,17
6805;426;35;3;17,32
6806;322;38;1;10
6807;95;55;1;
6808;166;65;3;1,7,48
6809;488;70;3;
6810;224;42;1;
6811;306;34;2;
6812;492;26;1;18
6813;310;45;2;9
6814;256;65;3;21,57
6815;29;33;2;17
6816;14;64;3;4,62
6817;370;69;1;51
6818;307;50;1;15,34
6819;7;55;2;3,15,45
6820;31;10;4;
6821;199;13;2;
6822;473;43;5;
6823;326;42;2;4,11,35
6824;306;68;1;32,67
6825;145;58;3;14,18
6826;143;51;3;
6827;351;58;4;25,52
6828;116;37;5;13
6829;275;35;2;10
6830;163;40;2;
6831;210;12;3;2,5
6832;416;36;4;10,12
6833;26;32;2;11,16,30
6834;193;19;5;7
6835;327;50;1;11,19
6836;253;43;1;5,30,32
6837;447;57;1;35,41,52
6838;65;22;2;8,14
6839;51;16;2;11,14
6840;289;57;4;1,17,20
6841;143;69;3;66
6842;397;58;3;16,36,40
6843;351;48;1;
6844;466;21;5;9
6845;340;67;2;1
6846;450;16;3;2,4,6
6847;240;26;4;6
6848;189;56;5;2,11,23
6849;310;52;3;
6850;4;19;5;8,15,17
6851;498;52;1;
6852;491;24;4;
6853;321;18;2;8,13,14
6854;272;25;5;17
6855;173;54;1;3,12
6856;196;60;2;45
6857;399;39;3;15,23,33
6858;8;26;5;
6859;390;53;2;15,27,48
6860;167;36;3;13,19,25
6861;304;46;2;8,24,43
6862;196;69;5;41
6863;107;64;2;
6864;495;11;5;1,4
6865;489;64;5;4,10
6866;178;69;1;57
6867;189;55;4;3,41,42
6868;491;20;4;2,8,16
6869;354;12;4;
6870;65;50;2;
6871;248;36;4;12,31
6872;244;68;2;57
6873;36;60;2;34,48
6874;122;29;3;
6875;101;67;3;40
6876;1;44;4;17,39,43
6877;122;16;4;
6878;455;28;1;2,6
6879;418;43;3;
6880;142;35;5;
6881;323;69;3;27,30
6882;469;37;5;
6883;361;52;5;20,50
6884;277;11;4;3,6
6885;69;11;1;1,9
6886;164;57;1;
6887;490;52;4;
6888;240;68;4;
6889;272;15;3;5
6890;361;44;1;42
6891;489;17;1;12,16
6892;286;36;1;29
6893;465;11;5;3,7
6894;430;16;3;3,14
6895;330;25;5;12,17,21
6896;202;52;1;38
6897;242;10;3;3,5,7
6898;241;57;2;
6899;385;50;5;
6900;86;40;3;10
6901;207;20;3;4,17,19
6902;422;68;1;38,42,59
6903;221;17;4;16
6904;243;24;5;4,18,23
6905;368;53;3;8
6906;31;22;1;8,15,16
6907;22;57;4;
6908;234;38;5;5,28
6909;173;52;4;
6910;482;47;4;29
6911;387;69;2;5,27,33
6912;39;35;4;15,20,34
6913;175;19;1;7,14
6914;358;56;3;11
6915;76;54;4;38,45
6916;364;52;1;25
6917;421;23;4;
6918;303;27;1;17
6919;226;59;3;20,33,35
6920;284;26;1;1,15
6921;480;43;5;8
6922;319;64;4;
6923;468;40;3;15,27
6924;35;44;4;13,16,31
6925;134;22;2;1
6926;38;21;2;
6927;399;46;4;30,36
6928;186;13;5;1
6929;96;52;4;26,30,40
6930;65;68;3;34
6931;80;63;2;30,38
6932;227;12;2;
6933;129;44;2;11,12,28
6934;39;37;2;
6935;483;31;2;5
6936;479;48;4;
6937;79;11;4;4
6938;310;50;1;17,23,27
6939;192;10;1;
6940;216;51;2;15,31
6941;377;47;2;8,13,33
6942;213;10;5;5,6
6943;203;40;5;39
6944;99;30;2;21,25
6945;100;60;1;8,33,42
6946;176;25;3;1,7
6947;339;70;3;17,26,35
6948;277;14;3;2,4,11
6949;187;44;4;29,40
6950;282;45;1;1,16,21
6951;413;37;1;9,21,27
6952;288;35;2;5,17,29
6953;322;38;1;14,21,26
6954;368;58;1;
6955;191;19;5;5,14
6956;131;31;2;6,16,18
6957;27;19;5;12
6958;14;50;1;
6959;225;40;2;11,36
6960;317;52;5;19,20
6961;136;23;2;
6962;224;19;3;
6963;306;61;2;7,56
6964;446;45;1;
6965;122;25;5;
6966;287;60;4;14,22
6967;414;46;1;26,42,45
6968;179;25;1;7,10,21
6969;107;68;4;3,47
6970;269;16;5;11
6971;140;49;5;41,43
6972;155;47;3;13,37,39
6973;7;33;5;29
6974;433;29;4;15
6975;219;22;1;5,7,17
6976;153;64;4;36
6977;131;48;2;27
6978;376;45;1;4,12,40
6979;302;42;3;11,27,31
6980;108;30;3;2,4,18
6981;181;53;1;4,5,35
6982;325;10;2;
6983;474;68;3;
6984;259;63;5;8
6985;329;25;3;
6986;398;57;5;
6987;338;44;2;1,37,40
6988;301;67;1;41,61
6989;244;39;1;9,22
6990;59;58;2;
6991;373;52;4;21,24,36
6992;231;70;3;
6993;469;61;3;2,14,32
6994;146;70;4;
6995;26;24;5;4,15
6996;319;69;4;
6997;103;56;4;15,45
6998;61;40;1;3,8
6999;383;46;4;
7000;15;64;2;37,46
7001;121;68;3;
7002;34;47;1;3,11,43
7003;324;36;1;18,23
7004;466;70;1;32,68
7005;314;10;1;
7006;71;14;1;
7007;486;29;4;3,12,22
7008;439;39;2;27
7009;275;18;1;2,3,10
7010;110;19;1;16
7011;313;53;3;11,12,17
7012;458;70;2;14,37,41
7013;124;56;4;14,27,37
7014;64;31;1;8,30
7015;349;60;3;24,35,43
7016;219;12;4;11
7017;67;24;1;8,20,22
7018;96;36;4;2,5,13
7019;230;32;1;
7020;120;37;1;8,33
7021;115;19;3;11
7022;386;13;5;2
7023;468;62;5;28
7024;497;69;1;
7025;349;32;5;28
7026;216;67;3;46
7027;406;27;4;10
7028;435;56;2;1,7,15
7029;10;42;4;
7030;453;23;5;16,18
7031;281;15;2;9,14
7032;203;33;5;
7033;386;56;4;17
7034;158;60;3;10,50,52
7035;22;30;3;
7036;281;18;4;
7037;297;59;3;23,38,57
7038;37;53;1;
7039;103;55;4;11,15
7040;280;42;4;9
7041;33;68;5;
7042;208;11;5;3,5,8
7043;188;69;2;3,14,61
7044;136;17;5;
7045;113;51;5;46
7046;359;17;2;1,3,14
7047;5;44;4;7,10,30
7048;187;55;4;
7049;207;60;3;3,16,39
7050;348;46;1;39
7051;192;58;1;1
7052;182;23;4;4,12
7053;1;50;4;9,25
7054;250;57;1;29
7055;335;62;4;5,39,52
7056;98;12;4;1,3,4
7057;21;70;2;15,33,42
7058;366;68;3;6,21,42
7059;172;22;3;21
7060;408;40;1;
7061;302;48;3;
7062;426;24;1;
7063;394;56;3;16,19,23
7064;1;65;3;30,31,41
7065;18;55;4;9
7066;44;20;4;3,4,7
7067;118;60;4;
7068;260;26;5;6,24
7069;362;23;3;17,22
7070;276;10;5;5,7,9
7071;202;48;5;4,26
7072;62;20;2;17
7073;355;43;4;11,23
7074;80;64;5;37
7075;224;68;3;
7076;276;10;3;4,8,9
7077;315;38;3;
7078;142;68;4;23,48,56
7079;406;18;5;
7080;142;63;4;31,32,41
7081;306;12;5;4
7082;164;48;5;28,31
7083;361;43;4;
7084;400;63;1;
7085;393;57;1;49
7086;326;30;3;
7087;283;54;5;23,32,41
7088;146;16;2;5,10,12
7089;208;13;1;2,3,8
7090;97;18;5;
7091;325;69;4;17,45
7092;183;20;1;
7093;29;27;1;9,18
7094;114;23;3;14,22
7095;446;41;2;18,24,26
7096;24;26;5;
7097;11;39;2;19,29
7098;237;65;2;2,45
7099;225;43;2;21,24
7100;398;53;5;
